,x_val,future
0,"[28  1 20 29 33  6 10  5 28  1 20 29 33  6 10 33 28  1 20 29 28  1 20 29
 28  1 20 29 28  1 20 29]",[ 1 20 29 33  6 10  5 28]
1,"[23  2 10  8 22  2 17  2 13  2  2  2  2  2  8  2 22  4 30 22  4 24 22  9
 30 22  8  9 24 30  5 13]",[ 2 10  8 22  2 17  2 13]
2,"[25  0 17  8  4 25 17 25  0 17  8  4 25 17  0 28  4 25 17 25  0 17  8  4
 25 17  0  0 29 29 29 29]",[ 0 17  8  4 25 17 25  0]
3,"[ 2 13  1 29 23  4  4  8  8  0  8  8  8  8  8  8  8  2 10 11 29  6 25 25
 14 14 14  2 13  1 29 15]",[13  1 29 23  4  4  8  8]
4,"[ 1  7 28 29 20  1 33  6 10  5 28  1 20 29 33  6 10  5 28  1 20 29 33  6
 10 33 28  1 20 29 28  1]",[ 7 28 29 20  1 33  6 10]
5,"[ 2 27 18  2 27 18  2 27 18  2 27 18  2 27 18 13 27 18 13 27 18 13 27 18
 13 27 14 18  1 27 14 18]",[27 18  2 27 18  2 27 18]
6,"[31 11 19 26  3 22 27 11 19 13 26  3 22 11 19 13 26 29 11 19 24  2 29 11
 19 24  2 16 16 16 16 16]",[11 19 26  3 22 27 11 19]
7,"[11 19 24  2 31 11 19 26  3 22 27 11 19 13 26  3 22 11 19 13 26 29 11 19
 24  2 29 11 19 24  2 16]",[19 24  2 31 11 19 26  3]
8,"[ 4 10 23 10 10 24 10 13 10 10 10 23 26 25  1  4  1  1 10 13 11 13 11  4
  1  2  4  1 23  1  1 24]",[10 23 10 10 24 10 13 10]
9,"[ 2 31 11 19 26  3 22 27 11 19 13 26  3 22 11 19 13 26 29 11 19 24  2 29
 11 19 24  2 16 16 16 16]",[31 11 19 26  3 22 27 11]
10,"[ 5 15  5 29  5  5  5  5 28  5 11  5 29  5  3  5 15  5 29  5  5  5  5 28
  5 11  5 29  5 30  5 13]",[15  5 29  5  5  5  5 28]
11,"[13  1 29 27 31 33 22  0 27 22 27 31 33 22  0 27 22 16 19 16 19  2  2  0
  0 14 20 20 15  3 15  3]",[ 1 29 27 31 33 22  0 27]
12,"[14 14 22  7  2 13  1 29 23  4  4  8  8  8  8  8  8  8  8  8  2 10 11 29
  6 25 25 14 14  2 13  1]",[14 22  7  2 13  1 29 23]
13,"[23 14 12 25  8  2 13  1 29 15 20  4 23 23 23 14 12 25  8 13  3 15 17 14
 14 25  8  4 17 17 23 12]",[14 12 25  8  2 13  1 29]
14,"[ 0 14 20 20 15  3 15  3  1  1  7  7 33  7 15  7  6  7  2 13 29  6 20 15
  6  3  6  6 10 15 13  6]",[14 20 20 15  3 15  3  1]
15,"[29  6 20 15  6  3  6  6 10 15 13  6 10 29  2  1  7 28 29 20  1  6 10 15
 13  6 10 29  2  1  7 28]",[ 6 20 15  6  3  6  6 10]
16,"[24 28 17 29  8 17  3 11  9 22 26  7 26 25 19 26  4 26  4  7 13 26 13 23
  7 11 30 11 22 26  7 26]",[28 17 29  8 17  3 11  9]
17,"[29 15 13 20 28 27 31 33 22  0 27 22 29  3  6 15 29  0 15 25 16 25  8  8
 17  0 17  0 23  4 20 20]",[15 13 20 28 27 31 33 22]
18,"[14 14 14  4  4  4 14  9  9  9  8  8 28  8  8  8  8  8  9 17 17 17  9  9
  4 25 17 28 28 17 17 17]",[14 14  4  4  4 14  9  9]
19,"[23 26 25  1  4  1  1 10 13 11 13 11  4  1  2  4  1 23  1  1 24 10 13 10
  1 23 29 12 23  2  4 12]",[26 25  1  4  1  1 10 13]
20,"[ 9 24 30  5 13  5  5 13  5 30  5 15 13  5 29  5  5 30  5 13  5  5 13  5
 30  5 15 13  5 29  5  5]",[24 30  5 13  5  5 13  5]
21,"[31 33 22 19  7 17 17 17 17 17 17 17 17 17 17 14 14 14 14 14 14 14 22  7
  2 13  1 29 23  4  4  8]",[33 22 19  7 17 17 17 17]
22,"[33 33 33 33 33 12 33 12 12 12 33 12 12 33 23 33 33 33 33 20  9 33 12 10
  6  5  6  9  6 20  6 23]",[33 33 33 33 12 33 12 12]
23,"[22 29  2 20  1 20  1 15 13 29  1 13  2 13  1 29 27 31 33 22  0 27 22 27
 31 33 22  0 27 22 16 19]",[29  2 20  1 20  1 15 13]
24,"[ 1 10 18  1  6 31  1 10 18  1  6 31  1 26 18  1  3 31  1 10 21 11 27  3
 33 11 27 10 21 11 27 29]",[10 18  1  6 31  1 10 18]
25,"[23  8 23 23 23 23 23 23 30 23 25 23 12  9  6  3  9 12  1  5 23 12  9  3
 21 18  2 27 18  2 27 18]",[ 8 23 23 23 23 23 23 30]
26,"[33 12 33 12 12 12 33 12 12 33 23 33 33 33 33 20  9 33 12 10  6  5  6  9
  6 20  6 23 12  9  7 10]",[12 33 12 12 12 33 12 12]
27,"[28  1 20 29 33  6 10  5 28  1 20 29 33  6 10 33 28  1 20 29 28  1 20 29
 28  1 20 29 28  1 20 29]",[ 1 20 29 33  6 10  5 28]
28,"[11 19 26  3 22 27 11 19 13 26  3 22 11 19 13 26 29 11 19 24  2 29 11 19
 24  2 16 16 16 16 16 16]",[19 26  3 22 27 11 19 13]
29,"[21 18 21 19 21 19 19 19 19 19 19 19 19 19 19 19 29 27 11 19 24  2 29 11
 19 24  2 31 11 19 26  3]",[18 21 19 21 19 19 19 19]
30,"[18  1  6 31  1 10 18  1  6 31  1 10 18  1  6 31  1 26 18  1  3 31  1 10
 21 11 27  3 33 11 27 10]",[ 1  6 31  1 10 18  1  6]
31,"[31 21 32 32 31 32 32 31 32 32 31 32 21 32 21 31 21 32 21 32 21 31 21 32
 21 16 32 31 32 32 21 31]",[21 32 32 31 32 32 31 32]
32,"[29 13 29 29  3 29  1 13 29 20 20  2 26  2  7 22 15  2  1 28  1 20 15 29
 15 13 20 28 27 31 33 22]",[13 29 29  3 29  1 13 29]
33,"[20 15 12 32 18 12 21 12 12 31 33 22 19 12  7 12 30 26 12 24 11  1  8 24
 11  1 31 24 11  1 24 11]",[15 12 32 18 12 21 12 12]
34,"[ 9 23 33 12 33 33 33 33 33 12 33 12 12 12 33 12 12 33 23 33 33 33 33 20
  9 33 12 10  6  5  6  9]",[23 33 12 33 33 33 33 33]
35,"[ 8  4 25 28 28 17  4 17  9 17  9  4 23  4  4  8  8  4 12  4  9  4  8  4
  9  9  9  8  8  8  8 17]",[ 4 25 28 28 17  4 17  9]
36,"[24  5 24  2 24  3 24 15  2 24  5 24  2 24 24 15  2 24  5 24  2 24 20 24
 28 30 24 11 24 30 24 24]",[ 5 24  2 24  3 24 15  2]
37,"[ 0 23  4 29 33 27 11 19 10  2 29 33 11 19 10  2 31 11 19 26  3 22 27 11
 19 13 26  3 22 11 19 13]",[23  4 29 33 27 11 19 10]
38,"[13  2 13  1 29 27 31 33 22  0 27 22 27 31 33 22  0 27 22 16 19 16 19  2
  2  0  0 14 29  2  3 26]",[ 2 13  1 29 27 31 33 22]
39,"[ 2  1  7 13 22 29  2 20  1 20  1 15 13 29  1 13  2 13  1 29 27 31 33 22
  0 27 22 27 31 33 22  0]",[ 1  7 13 22 29  2 20  1]
40,"[ 0 16 16 16 16 29 33 27 11 19  6  2 29 33 11 19  6  2 31 11 19  3  3 22
 27 11 19 15 26  3 22 11]",[16 16 16 16 29 33 27 11]
41,"[ 0  0 25  0 17  0  8  9  4 25 17  0  8 25  0 17  0  8  9  4 25 17 25  0
 17  8  4 25 17 25  0 17]",[ 0 25  0 17  0  8  9  4]
42,"[ 7 13 22 29  2 20  1 20  1 15 13 29  1 13  2 13  1 29 27 31 33 22  0 27
 22 27 31 33 22  0 27 22]",[13 22 29  2 20  1 20  1]
43,"[10 23 10 10 24 10 13 10 10 10 23 26 25  1  4  1  1 10 13 11 13 11  4  1
  2  4  1 23  1  1 24 10]",[23 10 10 24 10 13 10 10]
44,"[11 31 13 21 11 31 22 11 31  7  2 24 29 20 29  1 24  1 24  2 28  7 20 20
 28  7 20 27 29  1  1 29]",[31 13 21 11 31 22 11 31]
45,"[29 26  2  7 29 22  2 29  1  1 29 29 13 29 29  3 29  1 13 29 20 20  2 26
  2  7 22 15  2  1 28  1]",[26  2  7 29 22  2 29  1]
46,"[ 8  8  8  8  8  8  8  2 10 11 29  6 25 25 14 14  2 13  1 29 15 20  4 23
 23 23 14 12 25  8  2 13]",[ 8  8  8  8  8  8  2 10]
47,"[ 1 20 15 29 15 13 20 28 27 31 33 22  0 27 22 29  3  6 15 29  0 15 25 16
 25  8  8 17  0 17  0 23]",[20 15 29 15 13 20 28 27]
48,"[17 17 17 17  8 25  8  8  4 25 28 28 17  4 17  9 17  9  4 23  4  4  8  8
  4 12  4  9  4  8  4  9]",[17 17 17  8 25  8  8  4]
49,"[16 16 16 16 29 33 27 11 19  6  2 29 33 11 19  6  2 31 11 19  3  3 22 27
 11 19 15 26  3 22 11 19]",[16 16 16 29 33 27 11 19]
50,"[ 0  0 14 20 20 15  3 15  3  1  1  7  7 33  7 15  7  6  7  2 13 29  6 20
 15  6  3  6  6 10 15 13]",[ 0 14 20 20 15  3 15  3]
51,"[12  8 27 31 33 22 19  7 17 17 17 17 17 17 17 17 17 17 14 14 14 14 14 14
 14 22  7  2 13  1 29 23]",[ 8 27 31 33 22 19  7 17]
52,"[25 23 12  9  6  3  9 12  1  5 23 12  9  3 21 18  2 27 18  2 27 18  2 27
 18  2 27 18  2 27 18  2]",[23 12  9  6  3  9 12  1]
53,"[22 11 19 15 26 29 33 11 19  6  2 11  0  8  0  0  0  0 21 31 21 32 21 32
 16 16 21 31 21 32 21 32]",[11 19 15 26 29 33 11 19]
54,"[28 29 20  1  6 10 15 13  6 10 29  2  1  7 28 29 20  1 33  6 10  5 28  1
 20 29 33  6 10  5 28  1]",[29 20  1  6 10 15 13  6]
55,"[14 14 14 14 29  1 13  2  7 22 23  4  4 25  8  8  8  8  8  8  8 11 10  2
 19 25 25 14 14  2 13  1]",[14 14 14 29  1 13  2  7]
56,"[30 22  8  9 24 30  5 13  5  5 13  5 30  5 15 13  5 29  5  5 30  5 13  5
  5 13  5 30  5 15 13  5]",[22  8  9 24 30  5 13  5]
57,"[24 24 25 30 24  4 11 24 30 24 24  8 30 24 17 11 24 30 24 24 25 30 24  4
 11 24 30 24 24  9  2 24]",[24 25 30 24  4 11 24 30]
58,"[31 11 19  3  3 22 27 11 19 15 26  3 22 11 19 15 26 29 33 11 19  6  2 11
  0  8  0  0  0  0 21 31]",[11 19  3  3 22 27 11 19]
59,"[ 9  9 33  9  9  9 23 33 12 33 33 33 33 33 12 33 12 12 12 33 12 12 33 23
 33 33 33 33 20  9 33 12]",[ 9 33  9  9  9 23 33 12]
60,"[18 32 21 32 21 18 16 16 18 21 18 32 21 32  0 21 18 16 16 18 21 18 21 19
 21 19 19 19 19 19 19 19]",[32 21 32 21 18 16 16 18]
61,"[28  4 25 17 25  0 17  8  4 25 17  0  0 29 29 29 29 29 29 29 29 29 29 29
 17 12  9 12  9 18 31 27]",[ 4 25 17 25  0 17  8  4]
62,"[29 27 18 15 27 18 15 27 14 18 20 27 14 18 20 27 18 28 27 18 28 27 14 14
 14 14 14 14 29  1 13  2]",[27 18 15 27 18 15 27 14]
63,"[24  4  2 24  5 24  2 24 24  4  2 24 25  5 24  2 24 24  8 30 24 17 11 24
 30 24 24 25 30 24  4 11]",[ 4  2 24  5 24  2 24 24]
64,"[29  1  1 29  1  1 29  1  1 29  1  1 29  1 27  2  1 29  1 27  2  1 29  1
 27  2  1 29  1 27  2 10]",[ 1  1 29  1  1 29  1  1]
65,"[ 7  7 33  7 15  7  6  7  2 13 29  6 20 15  6  3  6  6 10 15 13  6 10 29
  2  1  7 28 29 20  1  6]",[ 7 33  7 15  7  6  7  2]
66,"[ 4  9  9  9  8  8  8  8 17 17  0  0 25  0 17  0  8  9  4 25 17  0  8 25
  0 17  0  8  9  4 25 17]",[ 9  9  9  8  8  8  8 17]
67,"[30 25 14  4  0  8 11 29  6 28 21 19 30 25 14  4  0  8 29  6 28  7  2 24
 29 20 29  1 24  1 24  2]",[25 14  4  0  8 11 29  6]
68,"[31 33 22  0 27 22 16 19 16 19  2  2  0  0 14 29  2  3 26 29  2  1  7 13
 22 29  2 20  1 20  1 15]",[33 22  0 27 22 16 19 16]
69,"[ 2 29 11 19 24  2 16 16 16 16 16 16 29 33 27 11 19  6  2 29 33 11 19  6
  2 31 11 19  3  3 22 27]",[29 11 19 24  2 16 16 16]
70,"[20 15  3 15  3  1  1  7  7 33  7 15  7  6  7  2 13 29  6 20 15  6  3  6
  6 10 15 13  6 10 29  2]",[15  3 15  3  1  1  7  7]
71,"[26 29 33 11 19  6  2 11  0  8  0  0  0  0 29 33 27 11 19 10  2 29 33 11
 19 10  2 31 11 19 26  3]",[29 33 11 19  6  2 11  0]
72,"[11 27 13 21 11 31 29 22 11 31 13 21 11 31 22 11 31 13 21 11 31  1 22 11
 31 13 21 11 31 22 11 31]",[27 13 21 11 31 29 22 11]
73,"[17 17  0  0 25  0 17  0  8  9  4 25 17  0  8 25  0 17  0  8  9  4 25 17
 25  0 17  8  4 25 17 25]",[17  0  0 25  0 17  0  8]
74,"[11  3 17 11  3 31 11  3 11  3 17 13  1  3 13  1  3 31 13  1  3 13  1  3
 10 11  3 25 10 11  3 31]",[ 3 17 11  3 31 11  3 11]
75,"[23 14 12 25  8 13  3 15 17 14 14 25  8  4 17 17 23  4 25 25 12 12 12 12
 28 20 12 15  6 12  3 12]",[14 12 25  8 13  3 15 17]
76,"[14 14 14 22  7  2 13  1 29 23  4  4  8  8  8  8  8  8  8  8  8  2 10 11
 29  6 25 25 14 14  2 13]",[14 14 22  7  2 13  1 29]
77,"[24  8 30 24 17 11 24 30 24 24 25 30 24  4 11 24 30 24 24  9  2 24  8  5
 24  2 24 27 10 17  2 10]",[ 8 30 24 17 11 24 30 24]
78,"[29  1 13  2 13  1 29 27 31 33 22  0 27 22 27 31 33 22  0 27 22 16 19 16
 19  2  2  0  0 14 20 20]",[ 1 13  2 13  1 29 27 31]
79,"[19 17 17 14 14 14 14 14 14  4  4  4 14  9  9  9  8  8 28  8  8  8  8  8
  9 17 17 17  9  9  4 25]",[17 17 14 14 14 14 14 14]
80,"[33 33 33 33 12 33 12 12 12 33 12 12 33 23 33 33 33 33 20  9 33 12 10  6
  5  6  9  6 20  6 23 12]",[33 33 33 12 33 12 12 12]
81,"[10 12 10 12 12 12 10 12 12  2  4 10 23 10 10 24 10 13 10 10 10 23 26 25
  1  4  1  1 10 13 11 13]",[12 10 12 12 12 10 12 12]
82,"[11 27 10 21 11 27 29 33 11 27 13 21 11 31 29 22 11 31 13 21 11 31 22 11
 31  7  2 24 29 20 29  1]",[27 10 21 11 27 29 33 11]
83,"[22 27 11 19 15 26  3 22 11 19 15 26 29 33 11 19  6  2 11  0  8  0  0  0
  0 21 31 21 32 21 32 16]",[27 11 19 15 26  3 22 11]
84,"[23  7 11 30 11  9 13 26 13 12 13 26 13 12 22 26 23 19 26  4 31 26 25 33
 26 22 26  7 26 25 19 26]",[ 7 11 30 11  9 13 26 13]
85,"[19 19 19 19 19 19 29 27 11 19 24  2 29 11 19 24  2 31 11 19 26  3 22 27
 11 19 13 26  3 22 11 19]",[19 19 19 19 19 29 27 11]
86,"[11 24 30 24 24 30 24 15 11 24 30 24 20 24 28 30 24 11 24 30 24 24 30 24
 15 11 24 30 24 12 24  4]",[24 30 24 24 30 24 15 11]
87,"[ 3 15  3  1  1  7  7 33  7 15  7  6  7  2 13 29  6 20 15  6  3  6  6 10
 15 13  6 10 29  2  1  7]",[15  3  1  1  7  7 33  7]
88,"[20 28 27 31 33 22  0 27 22 29  3  6 15 29  0 15 25 16 25  8  8 17  0 17
  0 23  4 20 20 15  3 15]",[28 27 31 33 22  0 27 22]
89,"[ 1  7 28 29 20  1  6 10 15 13  6 10 29  2  1  7 28 29 20  1 33  6 10  5
 28  1 20 29 33  6 10  5]",[ 7 28 29 20  1  6 10 15]
90,"[32 21 31 21 32 21 32 21 18 16 16 18 21 18 32 21 32 21 18 16 16 18 21 18
 32 21 32  0 21 18 16 16]",[21 31 21 32 21 32 21 18]
91,"[27 29 33 11 27 13 21 11 31 29 22 11 31 13 21 11 31 22 11 31 13 21 11 31
  1 22 11 31 13 21 11 31]",[29 33 11 27 13 21 11 31]
92,"[24  2 16 16 16 16 16 16 29 33 27 11 19  6  2 29 33 11 19  6  2 31 11 19
  3  3 22 27 11 19 15 26]",[ 2 16 16 16 16 16 16 29]
93,"[11 19  6  2 31 11 19  3  3 22 27 11 19 15 26  3 22 11 19 15 26 29 33 11
 19  6  2 11  0  8  0  0]",[19  6  2 31 11 19  3  3]
94,"[27  3 33 11 27 10 21 11 27  3 33 11 27 10 21 11 27  3 33 11 27 10 21 11
 27 29 33 11 27 13 21 11]",[ 3 33 11 27 10 21 11 27]
95,"[ 2 10 11 29  6 25 25 14 14 14  2 13  1 29 15 20 14 12 26 13  3 15 14 14
 13  1 29 15 20 28 21 19]",[10 11 29  6 25 25 14 14]
96,"[25 14 14 14  2 13  1 29 15 20 14 12 26 13  3 15 14 14 13  1 29 15 20 28
 21 19 30 25 14  4  0  8]",[14 14 14  2 13  1 29 15]
97,"[30 24 17 11 24 30 24 24 25 30 24  4 11 24 30 24 24  9  2 24  8  5 24  2
 24 27 10 17  2 10 25 10]",[24 17 11 24 30 24 24 25]
98,"[22  2 29  1  1 29 29 13 29 29  3 29  1 13 29 20 20  2 26  2  7 22 15  2
  1 28  1 20 15 29 15 13]",[ 2 29  1  1 29 29 13 29]
99,"[ 8 17  3 11 12 20 20  9  6  1  9 23 12  6 15  9 28 15  3 29  5 11 13 24
 30 26 24 13 24 26 24 13]",[17  3 11 12 20 20  9  6]
100,"[ 2  3 26 29  2  1  7 13 22 29  2 20  1 20  1 15 13 29  1 13  2 13  1 29
 27 31 33 22  0 27 22 27]",[ 3 26 29  2  1  7 13 22]
101,"[19  6  2 29 33 11 19  6  2 31 11 19  3  3 22 27 11 19 15 26  3 22 11 19
 15 26 29 33 11 19  6  2]",[ 6  2 29 33 11 19  6  2]
102,"[ 4 23  4  4  8  8  4 12  4  9  4  8  4  9  9  9  8  8  8  8 17 17  0  0
 25  0 17  0  8  9  4 25]",[23  4  4  8  8  4 12  4]
103,"[17  5 24 24  9 30 30 30 30 30  4 30  5 30 30 30 30 24 24 16 16 16 16 16
 16  5 13 13 24 15 30 24]",[ 5 24 24  9 30 30 30 30]
104,"[17 14 14 14 14 14 14  4  4  4 14  9  9  9  8  8 28  8  8  8  8  8  9 17
 17 17  9  9  4 25 17 28]",[14 14 14 14 14 14  4  4]
105,"[24 26 13 24 26 13 24 12  4 12  4  3 24 15  2 24  5 24  2 24 24 15  2 24
  5 24  2 24  3 24 15  2]",[26 13 24 26 13 24 12  4]
106,"[11 29  6 25 25 14 14  2 13  1 29 15 20  4 23 23 23 14 12 25  8  2 13  1
 29 15 20  4 23 23 23 14]",[29  6 25 25 14 14  2 13]
107,"[ 1  1 29  1  1 29  1  1 29  1  1 29  1 27  2  1 29  1 27  2  1 29  1 27
  2  1 29  1 27  2 10 18]",[ 1 29  1  1 29  1  1 29]
108,"[24 16 16 16 16 16 16  5 13 13 24 15 30 24 15 30 24 13  5 16 16 16 16 16
 16  5 13 13 24 15 30 24]",[16 16 16 16 16 16  5 13]
109,"[20 29 28  1 20 29 28  1 20 29 28  1 20 29 28  1 20 29 28  1 20 29  2 29
 26  2  7 29 22  2 29  1]",[29 28  1 20 29 28  1 20]
110,"[ 2 29 33 11 19  6  2 31 11 19  3  3 22 27 11 19 15 26  3 22 11 19 15 26
 29 33 11 19  6  2 11  0]",[29 33 11 19  6  2 31 11]
111,"[29 20 29  1 24  1 24  2 28  7 20 20 28  7 20 27 29  1  1 29  1  1 29  1
  1 29  1  1 29  1  1 29]",[20 29  1 24  1 24  2 28]
112,"[11 19 10  2 16 16  0  0  0  0  0  0 16 16 16 16 29 33 27 11 19  6  2 29
 33 11 19  6  2 31 11 19]",[19 10  2 16 16  0  0  0]
113,"[ 1  3 31 13  1  3 13  1  3 10 11  3 25 10 11  3 31 10 11  3 10 11  3 25
 26 13 23  3  4 26 13  3]",[ 3 31 13  1  3 13  1  3]
114,"[ 0  0 16 16 16 16 29 33 27 11 19  6  2 29 33 11 19  6  2 31 11 19  3  3
 22 27 11 19 15 26  3 22]",[ 0 16 16 16 16 29 33 27]
115,"[27 18 15 27 14 18 20 27 14 18 20 27 18 28 27 18 28 27 14 14 14 14 14 14
 29  1 13  2  7 22 23  4]",[18 15 27 14 18 20 27 14]
116,"[ 5 28  1 20 29 33  6 10  5 28  1 20 29 33  6 10 33 28  1 20 29 28  1 20
 29 28  1 20 29 28  1 20]",[28  1 20 29 33  6 10  5]
117,"[ 4  4 25  8  8  8  8  8  8  8 11 10  2 19 25 25 14 14  2 13  1 29 15 20
  4 23 23 23 14 12 25  8]",[ 4 25  8  8  8  8  8  8]
118,"[ 2  1 28  1 20 15 29 15 13 20 28 27 31 33 22  0 27 22 29  3  6 15 29  0
 15 25 16 25  8  8 17  0]",[ 1 28  1 20 15 29 15 13]
119,"[29 33 27 11 19  6  2 29 33 11 19  6  2 31 11 19  3  3 22 27 11 19 15 26
  3 22 11 19 15 26 29 33]",[33 27 11 19  6  2 29 33]
120,"[ 1  1  7  7 33  7 15  7  6  7  2 13 29  6 20 15  6  3  6  6 10 15 13  6
 10 29  2  1  7 28 29 20]",[ 1  7  7 33  7 15  7  6]
121,"[24 30 24 15 11 24 30 24 12 24  4  2 24  5 24  2 24 24  4  2 24 25  5 24
  2 24 12 24  4  2 24  5]",[30 24 15 11 24 30 24 12]
122,"[ 2 11  0  8  0  0  0  0 29 33 27 11 19 10  2 29 33 11 19 10  2 31 11 19
 26  3 22 27 11 19 13 26]",[11  0  8  0  0  0  0 29]
123,"[ 1  7 28 29 20  1  6 10 15 13  6 10 29  2  1  7 28 29 20  1 33  6 10  5
 28  1 20 29 33  6 10  5]",[ 7 28 29 20  1  6 10 15]
124,"[10  5 28  1 20 29 33  6 10 33 28  1 20 29 28  1 20 29 28  1 20 29 28  1
 20 29 28  1 20 29 28  1]",[ 5 28  1 20 29 33  6 10]
125,"[17  4 17  9 17  9  4 23  4  4  8  8  4 12  4  9  4  8  4  9  9  9  8  8
  8  8 17 17  0  0 25  0]",[ 4 17  9 17  9  4 23  4]
126,"[11 31 22 11 31  7  2 24 29 20 29  1 24  1 24  2 28  7 20 20 28  7 20 27
 29  1  1 29  1  1 29  1]",[31 22 11 31  7  2 24 29]
127,"[27 18 13 27 18 13 27 18 13 27 14 18  1 27 14 18  1 27 14 18  1 27 14 18
  1 27 18 29 27 18 29 27]",[18 13 27 18 13 27 18 13]
128,"[20  1 33  6 10  5 28  1 20 29 33  6 10  5 28  1 20 29 33  6 10 33 28  1
 20 29 28  1 20 29 28  1]",[ 1 33  6 10  5 28  1 20]
129,"[ 1 20 29 28  1 20 29 28  1 20 29 28  1 20 29  2 29 26  2  7 29 22  2 29
  1  1 29 29 13 29 29  3]",[20 29 28  1 20 29 28  1]
130,"[29 33 11 19 10  2 16 16  0  0  0  0  0  0 16 16 16 16 29 33 27 11 19  6
  2 29 33 11 19  6  2 31]",[33 11 19 10  2 16 16  0]
131,"[11 30 11  9 13 26 13 12 13 26 13 12 22 26 23 19 26  4 31 26 25 33 26 22
 26  7 26 25 19 26  4 26]",[30 11  9 13 26 13 12 13]
132,"[19 19 19 19 29 27 11 19 24  2 29 11 19 24  2 31 11 19 26  3 22 27 11 19
 13 26  3 22 11 19 13 26]",[19 19 19 29 27 11 19 24]
133,"[26 22 26  7 26 25 19 26  4 26  4  7 13 26 13 23  7 11 30 11  9 13 26 13
 12 13 26 13 12 22 26 23]",[22 26  7 26 25 19 26  4]
134,"[20 29  1 24  1 24  2 28  7 20 20 28  7 20 27 29  1  1 29  1  1 29  1  1
 29  1  1 29  1  1 29  1]",[29  1 24  1 24  2 28  7]
135,"[ 6  6 10 15 13  6 10 29  2  1  7 28 29 20  1  6 10 15 13  6 10 29  2  1
  7 28 29 20  1 33  6 10]",[ 6 10 15 13  6 10 29  2]
136,"[ 6  2 31 11 19  3  3 22 27 11 19 15 26  3 22 11 19 15 26 29 33 11 19  6
  2 11  0  8  0  0  0  0]",[ 2 31 11 19  3  3 22 27]
137,"[27  3 33 11 27 10 21 11 27 29 33 11 27 13 21 11 31 29 22 11 31 13 21 11
 31 22 11 31 13 21 11 31]",[ 3 33 11 27 10 21 11 27]
138,"[18 16 16 18 21 18 32 21 32  0 21 18 16 16 18 21 18 21 19 21 19 19 19 19
 19 19 19 19 19 19 19 29]",[16 16 18 21 18 32 21 32]
139,"[ 8  8  8  8  8  8 11 10  2 19 25 25 14 14  2 13  1 29 15 20  4 23 23 23
 14 12 25  8  2 13  1 29]",[ 8  8  8  8  8 11 10  2]
140,"[29 28  1 20 29 28  1 20 29 28  1 20 29  2 29 26  2  7 29 22  2 29  1  1
 29 29 13 29 29  3 29  1]",[28  1 20 29 28  1 20 29]
141,"[23 12  9  6  3  9 12  1  5 23 12  9  3 21 18  2 27 18  2 27 18  2 27 18
  2 27 18  2 27 18  2 27]",[12  9  6  3  9 12  1  5]
142,"[12  1  5 23 12  9  3 21 18  2 27 18  2 27 18  2 27 18  2 27 18  2 27 18
  2 27 18  2 27 18  2 27]",[ 1  5 23 12  9  3 21 18]
143,"[20  1 15 13 29  1 13  2 13  1 29 27 31 33 22  0 27 22 27 31 33 22  0 27
 22 16 19 16 19  2  2  0]",[ 1 15 13 29  1 13  2 13]
144,"[16 16 16 16  5 13 13 24 15 30 24 15 30 24 13  5 16 16 16 16 16 16 16 25
 16 25 27 31 27 31 33 22]",[16 16 16  5 13 13 24 15]
145,"[ 3 22 11 19 15 26 29 33 11 19  6  2 11  0  8  0  0  0  0 29 33 27 11 19
 10  2 29 33 11 19 10  2]",[22 11 19 15 26 29 33 11]
146,"[ 3  1  1  7  7 33  7 15  7  6  7  2 13 29  6 20 15  6  3  6  6 10 15 13
  6 10 29  2  1  7 28 29]",[ 1  1  7  7 33  7 15  7]
147,"[12 22 26 23 19 26  4 31 26 25 33 26 22 26  7 26 25 19 26  4 26  4  7 13
 26 13 23  7 11 30 11  9]",[22 26 23 19 26  4 31 26]
148,"[20 20  2 26  2  7 22 15  2  1 28  1 20 15 29 15 13 20 28 27 31 33 22  0
 27 22 29  3  6 15 29  0]",[20  2 26  2  7 22 15  2]
149,"[19 21 19 19 19 19 19 19 19 19 19 19 19 29 27 11 19 24  2 29 11 19 24  2
 31 11 19 26  3 22 27 11]",[21 19 19 19 19 19 19 19]
150,"[26 25 19 26  4 26  4  7 13 26 13 23  7 11 30 11 23 20 25  3  3  4  5  1
 26 20 25  1 24 28 17 29]",[25 19 26  4 26  4  7 13]
151,"[ 9 17  9  4 23  4  4  8  8  4 12  4  9  4  8  4  9  9  9  8  8  8  8 17
 17  0  0 25  0 17  0  8]",[17  9  4 23  4  4  8  8]
152,"[13 30 13  9 13 30 13 30 30 13 30  4 30  9 30 30 17 30 30 24 24 17  5 24
 24  9 30 30 30 30 30  4]",[30 13  9 13 30 13 30 30]
153,"[ 2 27 18 13 27 18 13 27 18 13 27 18 13 27 14 18  1 27 14 18  1 27 14 18
  1 27 14 18  1 27 18 29]",[27 18 13 27 18 13 27 18]
154,"[20 25  1 24 28 17 29  8 17  3 11  9 22 26  7 26 25 19 26  4 26  4  7 13
 26 13 23  7 11 30 11 22]",[25  1 24 28 17 29  8 17]
155,"[28  1 20 29 28  1 20 29 28  1 20 29 28  1 20 29 28  1 20 29 28  1 20 29
  2 29 26  2  7 29 22  2]",[ 1 20 29 28  1 20 29 28]
156,"[ 1  1 29 29 13 29 29  3 29  1 13 29 20 20  2 26  2  7 22 15  2  1 28  1
 20 15 29 15 13 20 28 27]",[ 1 29 29 13 29 29  3 29]
157,"[27 11 19 15 26  3 22 11 19 15 26 29 33 11 19  6  2 11  0  8  0  0  0  0
 21 31 21 32 21 32 16 16]",[11 19 15 26  3 22 11 19]
158,"[12 25  8  2 13  1 29 15 20  4 23 23 23 14 12 25  8 13  3 15 17 14 14 25
  8  4 17 17 23  4 25 25]",[25  8  2 13  1 29 15 20]
159,"[ 8  8  8  8 17 17  0  0 25  0 17  0  8  9  4 25 17  0  8 25  0 17  0  8
  9  4 25 17 25  0 17  8]",[ 8  8  8 17 17  0  0 25]
160,"[25 25 14 14 14  2 13  1 29 15 20 14 12 26 13  3 15 14 14 13  1 29 15 20
 28 21 19 30 25 14  4  0]",[25 14 14 14  2 13  1 29]
161,"[ 6  1  9 23 12  6 15  9 28 15  3 29  5 11 13 24 30 26 24 13 24 26 24 13
 24 26 13 24 26 13 24 26]",[ 1  9 23 12  6 15  9 28]
162,"[ 8  4 17 17 23 12 12  8 27 31 33 22 19  7 17 17 17 17 17 17 17 17 17 17
 14 14 14 14 14 14 14 22]",[ 4 17 17 23 12 12  8 27]
163,"[11  3 25 26 13 23  3  4 26 13  3 12 22 26 23 19 26  4 31 26 25 33 26 22
 26  7 26 25 19 26  4 26]",[ 3 25 26 13 23  3  4 26]
164,"[27 29 27  3  3 29 29  2  3 26 29  2  1  7 13 22 29  2 20  1 20  1 15 13
 29  1 13  2 13  1 29 27]",[29 27  3  3 29 29  2  3]
165,"[29 22 11 31 13 21 11 31 22 11 31  7  2 24 29 20 29  1 24  1 24  2 28  7
 20 20 28  7 20 27 29  1]",[22 11 31 13 21 11 31 22]
166,"[11 31 29 22 11 31 13 21 11 31 22 11 31  7  2 24 29 20 29  1 24  1 24  2
 28  7 20 20 28  7 20 27]",[31 29 22 11 31 13 21 11]
167,"[ 8  8 17  0 17  0 23  4 29 33 27 11 19 10  2 29 33 11 19 10  2 31 11 19
 26  3 22 27 11 19 13 26]",[ 8 17  0 17  0 23  4 29]
168,"[33 12 33 33 33 33 33 12 33 12 12 12 33 12 12 33 23 33 33 33 33 20  9 33
 12 10  6  5  6  9  6 20]",[12 33 33 33 33 33 12 33]
169,"[13 24 30 26 24 13 24 26 24 13 24 26 13 24 26 13 24 26 13 24 26 13 24 12
  4 12  4  3 24 15  2 24]",[24 30 26 24 13 24 26 24]
170,"[ 3  3  4  5  1 26 20 25  1 24 28 17 29  8 17  3 11  9 22 26  7 26 25 19
 26  4 26  4  7 13 26 13]",[ 3  4  5  1 26 20 25  1]
171,"[24 13  5 16 16 16 16 16 16  5 13 13 24 15 30 24 15 30 24 13  5 16 16 16
 16 16 16 16 25 16 25 27]",[13  5 16 16 16 16 16 16]
172,"[29 21 11 27  2 21 11 29 21 11 27  2 21 11 29 21 11 27  2 21 11 29 21 11
 27  2 21 10 18  1  6 31]",[21 11 27  2 21 11 29 21]
173,"[ 6  9  6 20  6 23 12  9  7 10  9  9  9  7 10  9  9  9 23 10 12 10 10 24
 10 10 10 10 12 10 12 12]",[ 9  6 20  6 23 12  9  7]
174,"[11 29 21 11 27  2 21 11 29 21 11 27  2 21 11 29 21 11 27  2 21 11 29 21
 11 27  2 21 10 18  1  6]",[29 21 11 27  2 21 11 29]
175,"[26  4 31 26 25 33 26 22 26  7 26 25 19 26  4 26  4  7 13 26 13 23  7 11
 30 11  9 13 26 13 12 13]",[ 4 31 26 25 33 26 22 26]
176,"[15 30 24 15 30 24 13  5 16 16 16 16 16 16 16 25 16 25 27 31 27 31 33 22
 33 22 19 19  2  2 14  9]",[30 24 15 30 24 13  5 16]
177,"[11 27 13 21 11 31 29 22 11 31 13 21 11 31 22 11 31  7  2 24 29 20 29  1
 24  1 24  2 28  7 20 20]",[27 13 21 11 31 29 22 11]
178,"[10  2 29 33 11 19 10  2 16 16  0  0  0  0  0  0 16 16 16 16 29 33 27 11
 19  6  2 29 33 11 19  6]",[ 2 29 33 11 19 10  2 16]
179,"[ 1 20 29 33  6 10 33 28  1 20 29 28  1 20 29 28  1 20 29 28  1 20 29 28
  1 20 29 28  1 20 29  2]",[20 29 33  6 10 33 28  1]
180,"[20 29  1 24  1 24  2 28  7 20 20 28  7 20 27 29  1  1 29  1  1 29  1  1
 29  1  1 29  1 11 29 21]",[29  1 24  1 24  2 28  7]
181,"[11 29  6 25 25 14 14 14  2 13  1 29 15 20 14 12 26 13  3 15 14 14 13  1
 29 15 20 28 21 19 30 25]",[29  6 25 25 14 14 14  2]
182,"[29  2  1  7 28 29 20  1  6 10 15 13  6 10 29  2  1  7 28 29 20  1 33  6
 10  5 28  1 20 29 33  6]",[ 2  1  7 28 29 20  1  6]
183,"[ 2 24 24  4  2 24 25  5 24  2 24 12 24  4  2 24  5 24  2 24 24  4  2 24
 25  5 24  2 24 24  8 30]",[24 24  4  2 24 25  5 24]
184,"[15 26 29 33 11 19  6  2 11  0  8  0  0  0  0 21 31 21 32 21 32 16 16 21
 31 21 32 21 32 21 31 21]",[26 29 33 11 19  6  2 11]
185,"[21 31 21 32 21 32 21 18 16 16 18 21 18 32 21 32 21 18 16 16 18 21 18 32
 21 32  0 21 18 16 16 18]",[31 21 32 21 32 21 18 16]
186,"[16 18 21 18 32 21 32  0 21 18 16 16 18 21 18 21 19 21 19 19 19 19 19 19
 19 19 19 19 19 29 27 11]",[18 21 18 32 21 32  0 21]
187,"[27  2 21 11 29 21 11 27  2 21 10 18  1  6 31  1 10 18  1  6 31  1 10 18
  1  6 31  1 26 18  1  3]",[ 2 21 11 29 21 11 27  2]
188,"[30 13  9 13 30 13 30 30 13 30  4 30  9 30 30 17 30 30 24 24 17  5 24 24
  9 30 30 30 30 30  4 30]",[13  9 13 30 13 30 30 13]
189,"[16 16 29 33 27 11 19  6  2 29 33 11 19  6  2 31 11 19  3  3 22 27 11 19
 15 26  3 22 11 19 15 26]",[16 29 33 27 11 19  6  2]
190,"[30 13 30  4 30  9 30 30 17 30 30 24 24 17  5 24 24  9 30 30 30 30 30  4
 30  5 30 30 30 30 24 24]",[13 30  4 30  9 30 30 17]
191,"[28  1 20 29 28  1 20 29 28  1 20 29 28  1 20 29  2 29 26  2  7 29 22  2
 29  1  1 29 29 13 29 29]",[ 1 20 29 28  1 20 29 28]
192,"[11  5 29  5 30  5 13  5  4  5 13  5 22 13  2 13  8  1 13  2 13  4 13 30
 13  9 13 30 13 30 30 13]",[ 5 29  5 30  5 13  5  4]
193,"[18 21 18 32 21 32 21 18 16 16 18 21 18 32 21 32  0 21 18 16 16 18 21 18
 21 19 21 19 19 19 19 19]",[21 18 32 21 32 21 18 16]
194,"[ 2 10  8 22  2 17  2 13  2  2  2  2  2  8  2 22  4 30 22  4 24 22  9 30
 22  8  9 24 30  5 13  5]",[10  8 22  2 17  2 13  2]
195,"[ 0  0 27 27 27 27 27  3 27 27 27 29 27  3  3 29 29  2  3 26 29  2  1  7
 13 22 29  2 20  1 20  1]",[ 0 27 27 27 27 27  3 27]
196,"[24  2 24 24 15  2 24  5 24  2 24  3 24 15  2 24  5 24  2 24 24 15  2 24
  5 24  2 24 20 24 28 30]",[ 2 24 24 15  2 24  5 24]
197,"[15 25 16 25  8  8 17  0 17  0 23  4 20 20 15  3 15  3  1  1  7  7 33  7
 15  7  6  7  2 13 29  6]",[25 16 25  8  8 17  0 17]
198,"[12  9  6  3  9 12  1  5 23 12  9  3 21 18  2 27 18  2 27 18  2 27 18  2
 27 18  2 27 18  2 27 18]",[ 9  6  3  9 12  1  5 23]
199,"[ 6 20  6 23 12  9  7 10  9  9  9  7 10  9  9  9 23 10 12 10 10 24 10 10
 10 10 12 10 12 12 12 10]",[20  6 23 12  9  7 10  9]
200,"[11 19 13 26 29 11 19 24  2 29 11 19 24  2 16 16 16 16 16 16 29 33 27 11
 19  6  2 29 33 11 19  6]",[19 13 26 29 11 19 24  2]
201,"[ 4  4  4 14  9  9  9  8  8 28  8  8  8  8  8  9 17 17 17  9  9  4 25 17
 28 28 17 17 17 17 17  8]",[ 4  4 14  9  9  9  8  8]
202,"[ 1 10 21 11 27  3 33 11 27 10 21 11 27  3 33 11 27 10 21 11 27  3 33 11
 27 10 21 11 27 29 33 11]",[10 21 11 27  3 33 11 27]
203,"[25 26 13 23  3  4 26 13  3 12 22 26 23 19 26  4 31 26 25 33 26 22 26  7
 26 25 19 26  4 26  4  7]",[26 13 23  3  4 26 13  3]
204,"[16 19 16 19  2  2  0  0 14 29  2  3 26 29  2  1  7 13 22 29  2 20  1 20
  1 15 13 29  1 13  2 13]",[19 16 19  2  2  0  0 14]
205,"[22 26 23 19 26  4 31 26 25 33 26 22 26  7 26 25 19 26  4 26  4  7 13 26
 13 23  7 11 30 11  9 13]",[26 23 19 26  4 31 26 25]
206,"[24 25 30 24  4 11 24 30 24 24  9  2 24  8  5 24  2 24 27 10 17  2 10 25
 10 23  2 10  8 22  2 17]",[25 30 24  4 11 24 30 24]
207,"[13  1 29 15 20 14 12 26 13  3 15 14 14 13  1 29 15 20 28 21 19 30 25 14
  4  0  8 11 29  6 28 21]",[ 1 29 15 20 14 12 26 13]
208,"[27 11 19 15 26  3 22 11 19 15 26 29 33 11 19  6  2 11  0  8  0  0  0  0
 21 31 21 32 21 32 16 16]",[11 19 15 26  3 22 11 19]
209,"[20  2 26  2  7 22 15  2  1 28  1 20 15 29 15 13 20 28 27 31 33 22  0 27
 22 29  3  6 15 29  0 15]",[ 2 26  2  7 22 15  2  1]
210,"[27 10 21 11 27  3 33 11 27 10 21 11 27  3 33 11 27 10 21 11 27 29 33 11
 27 13 21 11 31 29 22 11]",[10 21 11 27  3 33 11 27]
211,"[31 13  1  3 13  1  3 10 11  3 25 10 11  3 31 10 11  3 10 11  3 25 26 13
 23  3  4 26 13  3 12 22]",[13  1  3 13  1  3 10 11]
212,"[10  2 31 11 19 26  3 22 27 11 19 13 26  3 22 11 19 13 26 29 33 11 19 10
  2 29 33 11 19 10  2 16]",[ 2 31 11 19 26  3 22 27]
213,"[33  9  9  9 33  9  9  9 23 33 12 33 33 33 33 33 12 33 12 12 12 33 12 12
 33 23 33 33 33 33 20  9]",[ 9  9  9 33  9  9  9 23]
214,"[28 20 12 15  6 12  3 12  1  4 11 23  1 11  1 11  1 11 23 23 23 23 20 23
 15 23  6  3 23  5  1 25]",[20 12 15  6 12  3 12  1]
215,"[21 31 21 32 21 32 21 31 21 32 21 32 21 18 16 16 18 21 18 32 21 32 21 18
 16 16 18 21 18 32 21 32]",[31 21 32 21 32 21 31 21]
216,"[ 2 26  8 10  8 11  3 17 11  3 31 11  3 11  3 17 13  1  3 13  1  3 31 13
  1  3 13  1  3 10 11  3]",[26  8 10  8 11  3 17 11]
217,"[11 23  1 11  1 11  1 11 23 23 23 23 20 23 15 23  6  3 23  5  1 25 26  3
  4  5  1 26  3  5  1 26]",[23  1 11  1 11  1 11 23]
218,"[ 3 11  9 22 26  7 26 25 19 26  4 26  4  7 13 26 13 23  7 11 30 11 22 26
  7 26 25 19 26  4 26  4]",[11  9 22 26  7 26 25 19]
219,"[21 19 30 25 14  4  0  8 11 29  6 28 21 19 30 25 14  4  0  8 29  6 28  7
  2 24 29 20 29  1 24  1]",[19 30 25 14  4  0  8 11]
220,"[17 29  8 17  3 11 12 20 20  9  6  1  9 23 12  6 15  9 28 15  3 29  5 11
 13 24 30 26 24 13 24 26]",[29  8 17  3 11 12 20 20]
221,"[27 18 13 27 14 18  1 27 14 18  1 27 14 18  1 27 14 18  1 27 18 29 27 18
 29 27 18 15 27 18 15 27]",[18 13 27 14 18  1 27 14]
222,"[24 29 17  3 11 20  9  6  1 12  6 15 23 20  4 20  3 17  6 20 15 12 32 18
 12 21 12 12 31 33 22 19]",[29 17  3 11 20  9  6  1]
223,"[27  3 27 27 27 29 27  3  3 29 29  2  3 26 29  2  1  7 13 22 29  2 20  1
 20  1 15 13 29  1 13  2]",[ 3 27 27 27 29 27  3  3]
224,"[ 2 24  5 24  2 24  3 24 15  2 24  5 24  2 24 24 15  2 24  5 24  2 24 20
 24 28 30 24 11 24 30 24]",[24  5 24  2 24  3 24 15]
225,"[24 12 24  4  2 24  5 24  2 24 24  4  2 24 25  5 24  2 24 12 24  4  2 24
  5 24  2 24 24  4  2 24]",[12 24  4  2 24  5 24  2]
226,"[ 3 22 27 11 19 13 26  3 22 11 19 13 26 29 11 19 24  2 29 11 19 24  2 16
 16 16 16 16 16 29 33 27]",[22 27 11 19 13 26  3 22]
227,"[29 27 31 33 22  0 27 22 27 31 33 22  0 27 22 16 19 16 19  2  2  0  0 14
 29  2  3 26 29  2  1  7]",[27 31 33 22  0 27 22 27]
228,"[17  3 11  9 22 26  7 26 25 19 26  4 26  4  7 13 26 13 23  7 11 30 11 22
 26  7 26 25 19 26  4 26]",[ 3 11  9 22 26  7 26 25]
229,"[ 6 10 29  2  1  7 28 29 20  1 33  6 10  5 28  1 20 29 33  6 10  5 28  1
 20 29 33  6 10 33 28  1]",[10 29  2  1  7 28 29 20]
230,"[29 11 19 24  2 31 11 19 26  3 22 27 11 19 13 26  3 22 11 19 13 26 29 11
 19 24  2 29 11 19 24  2]",[11 19 24  2 31 11 19 26]
231,"[18 29 27 18 29 27 18 15 27 18 15 27 14 18 20 27 14 18 20 27 18 28 27 18
 28 27 14 14 14 14 14 14]",[29 27 18 29 27 18 15 27]
232,"[27 22 27 31 33 22  0 27 22 16 19 16 19  2  2  0  0 14 29  2  3 26 29  2
  1  7 13 22 29  2 20  1]",[22 27 31 33 22  0 27 22]
233,"[19 21 19 19 19 19 19 19 19 19 19 19 19 29 27 11 19 24  2 29 11 19 24  2
 31 11 19 26  3 22 27 11]",[21 19 19 19 19 19 19 19]
234,"[28 30 24 11 24 30 24 24 30 24 15 11 24 30 24 12 24  4  2 24  5 24  2 24
 24  4  2 24 25  5 24  2]",[30 24 11 24 30 24 24 30]
235,"[19 15 26  3 22 11 19 15 26 29 33 11 19  6  2 11  0  8  0  0  0  0 21 31
 21 32 21 32 16 16 21 31]",[15 26  3 22 11 19 15 26]
236,"[15 13 29  1 13  2 13  1 29 27 31 33 22  0 27 22 27 31 33 22  0 27 22 16
 19 16 19  2  2  0  0 14]",[13 29  1 13  2 13  1 29]
237,"[26 13 12 13 26 13 12 22 26 23 19 26  4 31 26 25 33 26 22 26  7 26 25 19
 26  4 26  4  7 13 26 13]",[13 12 13 26 13 12 22 26]
238,"[ 3  9 33  9  9  9 33  9  9  9 23 33 12 33 33 33 33 33 12 33 12 12 12 33
 12 12 33 23 33 33 33 33]",[ 9 33  9  9  9 33  9  9]
239,"[25  5 24  2 24 24  8 30 24 17 11 24 30 24 24 25 30 24  4 11 24 30 24 24
  8 30 24 17 11 24 30 24]",[ 5 24  2 24 24  8 30 24]
240,"[ 4  4  8  8  0  8  8  8  8  8  8  8  2 10 11 29  6 25 25 14 14 14  2 13
  1 29 15 20 14 12 26 13]",[4 8 8 0 8 8 8 8]
241,"[27 31 33 22 33 22 19 19  2  2 14  9  9 27 27 22 19 22 19  8  8 27 27 22
 22 19 19 17 17 14 14 14]",[31 33 22 33 22 19 19  2]
242,"[32 31 32 32 31 32 32 31 32 21 32 21 31 21 32 21 32 21 31 21 32 21 16 32
 31 32 32 21 31 21 32 21]",[31 32 32 31 32 32 31 32]
243,"[33 26 22 26  7 26 25 19 26  4 26  4  7 13 26 13 23  7 11 30 11 23 20 25
  3  3  4  5  1 26 20 25]",[26 22 26  7 26 25 19 26]
244,"[ 6 31  1 26 18  1  3 31  1 10 21 11 27  3 33 11 27 10 21 11 27 29 33 11
 27 13 21 11 31 29 22 11]",[31  1 26 18  1  3 31  1]
245,"[17 17 17 17 17 17 17 17 17 17 14 14 14 14 14 14 14 22  7  2 13  1 29 23
  4  4  8  8  0  8  8  8]",[17 17 17 17 17 17 17 17]
246,"[14 14  2 13  1 29 15 20  4 23 23 23 14 12 25  8  2 13  1 29 15 20  4 23
 23 23 14 12 25  8 13  3]",[14  2 13  1 29 15 20  4]
247,"[26  4 26  4  7 13 26 13 23  7 11 30 11  9 13 26 13 12 13 26 13 12 22 26
 23 19 26  4 31 26 25 33]",[ 4 26  4  7 13 26 13 23]
248,"[24 10 13 10  1 23 29 12 23  2  4 12  8  7 23  8 10 33 24 10 13 10 26 12
 23 27  4 12  8 23  8 23]",[10 13 10  1 23 29 12 23]
249,"[ 4 25 28 28 17  4 17  9 17  9  4 23  4  4  8  8  4 12  4  9  4  8  4  9
  9  9  8  8  8  8 17 17]",[25 28 28 17  4 17  9 17]
250,"[ 1 33  6 10  5 28  1 20 29 33  6 10  5 28  1 20 29 33  6 10 33 28  1 20
 29 28  1 20 29 28  1 20]",[33  6 10  5 28  1 20 29]
251,"[28  7 20 20 28  7 20 27 29  1  1 29  1  1 29  1  1 29  1  1 29  1  1 29
  1 27  2  1 29  1 27  2]",[ 7 20 20 28  7 20 27 29]
252,"[23 27  4 12  8 23  8 23 23 23 23 23 23 30 23 25 23 12  9  6  3  9 12  1
  5 23 12  9  3 21 18  2]",[27  4 12  8 23  8 23 23]
253,"[20  2 26  2  7 22 15  2  1 28  1 20 15 29 15 13 20 28 27 31 33 22  0 27
 22 29  3  6 15 29  0 15]",[ 2 26  2  7 22 15  2  1]
254,"[24 26 24 13 24 26 13 24 26 13 24 26 13 24 26 13 24 12  4 12  4  3 24 15
  2 24  5 24  2 24 24 15]",[26 24 13 24 26 13 24 26]
255,"[16 16 25 16 25 27 31 27 31 33 22 33 22 19 19  2  2 14  9  9 27 27 22 19
 22 19  8  8 27 27 22 22]",[16 25 16 25 27 31 27 31]
256,"[ 3 15 14 14 13  1 29 15 20 28 21 19 30 25 14  4  0  8 11 29  6 28 21 19
 30 25 14  4  0  8 29  6]",[15 14 14 13  1 29 15 20]
257,"[ 2  7 29 22  2 29  1  1 29 29 13 29 29  3 29  1 13 29 20 20  2 26  2  7
 22 15  2  1 28  1 20 15]",[ 7 29 22  2 29  1  1 29]
258,"[ 2 20  1 20  1 15 13 29  1 13  2 13  1 29 27 31 33 22  0 27 22 27 31 33
 22  0 27 22 16 19 16 19]",[20  1 20  1 15 13 29  1]
259,"[16 19  2  2  0  0 14 20 20 15  3 15  3  1  1  7  7 33  7 15  7  6  7  2
 13 29  6 20 15  6  3  6]",[19  2  2  0  0 14 20 20]
260,"[ 6  3 23  5  1 25 26  3  4  5  1 26  3  5  1 26  3  5  1 26  1 24 25  1
 24  1 24  1 24 29 17  3]",[ 3 23  5  1 25 26  3  4]
261,"[29 13 29 29  3 29  1 13 29 20 20  2 26  2  7 22 15  2  1 28  1 20 15 29
 15 13 20 28 27 31 33 22]",[13 29 29  3 29  1 13 29]
262,"[ 1 24  1 24  1 24 29 17  3 11 20  9  6  1 12  6 15 23 20  4 20  3 17  6
 20 15 12 32 18 12 21 12]",[24  1 24  1 24 29 17  3]
263,"[15 26  3 22 11 19 15 26 29 33 11 19  6  2 11  0  8  0  0  0  0 29 33 27
 11 19 10  2 29 33 11 19]",[26  3 22 11 19 15 26 29]
264,"[ 4 25 17 25  0 17  8  4 25 17  0 28  4 25 17 25  0 17  8  4 25 17  0  0
 29 29 29 29 29 29 29 29]",[25 17 25  0 17  8  4 25]
265,"[30  4 30  5 30 30 30 30 24 24 16 16 16 16 16 16  5 13 13 24 15 30 24 15
 30 24 13  5 16 16 16 16]",[ 4 30  5 30 30 30 30 24]
266,"[ 1 29 27 31 33 22  0 27 22 27 31 33 22  0 27 22 16 19 16 19  2  2  0  0
 14 20 20 15  3 15  3  1]",[29 27 31 33 22  0 27 22]
267,"[19 16 19  2  2  0  0 14 20 20 15  3 15  3  1  1  7  7 33  7 15  7  6  7
  2 13 29  6 20 15  6  3]",[16 19  2  2  0  0 14 20]
268,"[17  0 17  0 23  4 29 33 27 11 19 10  2 29 33 11 19 10  2 31 11 19 26  3
 22 27 11 19 13 26  3 22]",[ 0 17  0 23  4 29 33 27]
269,"[17 17 17 17 17 17 17 17 14 14 14 14 14 14 14 22  7  2 13  1 29 23  4  4
  8  8  0  8  8  8  8  8]",[17 17 17 17 17 17 17 14]
270,"[11  1 31 24 11  1 24 11  1  8 21  8 27  8 31 33  8 19  7  8  2 26  8 10
  8 11  3 17 11  3 31 11]",[ 1 31 24 11  1 24 11  1]
271,"[ 1  7 28 29 20  1 33  6 10  5 28  1 20 29 33  6 10  5 28  1 20 29 33  6
 10 33 28  1 20 29 28  1]",[ 7 28 29 20  1 33  6 10]
272,"[27 27 27 27 27  0  0 27 27 27 27 27  3 27 27 27 29 27  3  3 29 29  2  3
 26 29  2  1  7 13 22 29]",[27 27 27 27  0  0 27 27]
273,"[10 13 10 10 10 23 26 25  1  4  1  1 10 13 11 13 11  4  1  2  4  1 23  1
  1 24 10 13 10  1 23 29]",[13 10 10 10 23 26 25  1]
274,"[17 25  0 17  8  4 25 17  0  0 29 29 29 29 29 29 29 29 29 29 29 17 12  9
 12  9 18 31 27 18 31 27]",[25  0 17  8  4 25 17  0]
275,"[ 3  3 29 29  2  3 26 29  2  1  7 13 22 29  2 20  1 20  1 15 13 29  1 13
  2 13  1 29 27 31 33 22]",[ 3 29 29  2  3 26 29  2]
276,"[33 23 33 33 33 33 20  9 33 12 10  6  5  6  9  6 20  6 23 12  9  7 10  9
  9  9  7 10  9  9  9 23]",[23 33 33 33 33 20  9 33]
277,"[ 3  5  1 26  1 24 25  1 24  1 24  1 24 29 17  3 11 20  9  6  1 12  6 15
 23 20  4 20  3 17  6 20]",[ 5  1 26  1 24 25  1 24]
278,"[ 1 29  1  1 29  1  1 29  1  1 29  1 11 29 21 11 27  2 21 11 29 21 11 27
  2 21 11 29 21 11 27  2]",[29  1  1 29  1  1 29  1]
279,"[ 2 24  5 24  2 24 24  4  2 24 25  5 24  2 24 12 24  4  2 24  5 24  2 24
 24  4  2 24 25  5 24  2]",[24  5 24  2 24 24  4  2]
280,"[17 17 17  9  9  4 25 17 28 28 17 17 17 17 17  8 25  8  8  4 25 28 28 17
  4 17  9 17  9  4 23  4]",[17 17  9  9  4 25 17 28]
281,"[22 33 22 19 19  2  2 14  9  9 27 27 22 19 22 19  8  8 27 27 22 22 19 19
 17 17 14 14 14 14 14 14]",[33 22 19 19  2  2 14  9]
282,"[29 27 31 33 22  0 27 22 27 31 33 22  0 27 22 16 19 16 19  2  2  0  0 14
 20 20 15  3 15  3  1  1]",[27 31 33 22  0 27 22 27]
283,"[ 1 12  6 15 23 20  4 20  3 17  6 20 15 12 32 18 12 21 12 12 31 33 22 19
 12  7 12 30 26 12 24 11]",[12  6 15 23 20  4 20  3]
284,"[ 5 13  5  5 13  5 30  5 15 13  5 29  5  5  3  5 15  5 29  5  5  5  5 28
  5 11  5 29  5  3  5 15]",[13  5  5 13  5 30  5 15]
285,"[29  2  3 26 29  2  1  7 13 22 29  2 20  1 20  1 15 13 29  1 13  2 13  1
 29 27 31 33 22  0 27 22]",[ 2  3 26 29  2  1  7 13]
286,"[ 8 22  2 17  2 13  2  2  2  2  2  8  2 22  4 30 22  4 24 22  9 30 22  8
  9 24 30  5 13  5  5 13]",[22  2 17  2 13  2  2  2]
287,"[29 15 20  4 23 23 23 14 12 25  8 13  3 15 17 14 14 25  8  4 17 17 23 12
 12  8 27 31 33 22 19  7]",[15 20  4 23 23 23 14 12]
288,"[ 7 15  7  6  7  2 13 29  6 20 15  6  3  6  6 10 15 13  6 10 29  2  1  7
 28 29 20  1  6 10 15 13]",[15  7  6  7  2 13 29  6]
289,"[ 3 22 11 19 13 26 29 11 19 24  2 29 11 19 24  2 16 16 16 16 16 16 29 33
 27 11 19  6  2 29 33 11]",[22 11 19 13 26 29 11 19]
290,"[ 0  0 14 29  2  3 26 29  2  1  7 13 22 29  2 20  1 20  1 15 13 29  1 13
  2 13  1 29 27 31 33 22]",[ 0 14 29  2  3 26 29  2]
291,"[28  1 20 29 28  1 20 29  2 29 26  2  7 29 22  2 29  1  1 29 29 13 29 29
  3 29  1 13 29 20 20  2]",[ 1 20 29 28  1 20 29  2]
292,"[33 33 12 33 12 12 12 33 12 12 33 23 33 33 33 33 20  9 33 12 10  6  5  6
  9  6 20  6 23 12  9  7]",[33 12 33 12 12 12 33 12]
293,"[24  4  2 24  5 24  2 24 24  4  2 24 25  5 24  2 24 12 24  4  2 24  5 24
  2 24 24  4  2 24 25  5]",[ 4  2 24  5 24  2 24 24]
294,"[18 21 18 21 19 21 19 19 19 19 19 19 19 19 19 19 19 29 27 11 19 24  2 29
 11 19 24  2 31 11 19 26]",[21 18 21 19 21 19 19 19]
295,"[28 17 29  8 17  3 11  9 22 26  7 26 25 19 26  4 26  4  7 13 26 13 23  7
 11 30 11 22 26  7 26 25]",[17 29  8 17  3 11  9 22]
296,"[ 9  9  9 33  9  9  9 23 33 12 33 33 33 33 33 12 33 12 12 12 33 12 12 33
 23 33 33 33 33 20  9 33]",[ 9  9 33  9  9  9 23 33]
297,"[14 14 14 14 22  7  2 13  1 29 23  4  4  8  8  0  8  8  8  8  8  8  8  2
 10 11 29  6 25 25 14 14]",[14 14 14 22  7  2 13  1]
298,"[29 33 11 27 13 21 11 31 29 22 11 31 13 21 11 31 22 11 31 13 21 11 31  1
 22 11 31 13 21 11 31 22]",[33 11 27 13 21 11 31 29]
299,"[24 24 17  5 24 24  9 30 30 30 30 30  4 30  5 30 30 30 30 24 24 16 16 16
 16 16 16  5 13 13 24 15]",[24 17  5 24 24  9 30 30]
300,"[17 17 23 12 12  8 27 31 33 22 19  7 17 17 17 17 17 17 17 17 17 17 14 14
 14 14 14 14 14 22  7  2]",[17 23 12 12  8 27 31 33]
301,"[26 13  3 12 22 26 23 19 26  4 31 26 25 33 26 22 26  7 26 25 19 26  4 26
  4  7 13 26 13 23  7 11]",[13  3 12 22 26 23 19 26]
302,"[29 33 11 19 10  2 31 11 19 26  3 22 27 11 19 13 26  3 22 11 19 13 26 29
 33 11 19 10  2 29 33 11]",[33 11 19 10  2 31 11 19]
303,"[ 2  3 26 29  2  1  7 13 22 29  2 20  1 20  1 15 13 29  1 13  2 13  1 29
 27 31 33 22  0 27 22 27]",[ 3 26 29  2  1  7 13 22]
304,"[18  1  6 31  1 26 18  1  3 31  1 10 21 11 27  3 33 11 27 10 21 11 27 29
 33 11 27 13 21 11 31 29]",[ 1  6 31  1 26 18  1  3]
305,"[33  6 10 33 28  1 20 29 28  1 20 29 28  1 20 29 28  1 20 29 28  1 20 29
 28  1 20 29  2 29 26  2]",[ 6 10 33 28  1 20 29 28]
306,"[ 3 12  1  4 11 23  1 11  1 11  1 11 23 23 23 23 20 23 15 23  6  3 23  5
  1 25 26  3  4  5  1 26]",[12  1  4 11 23  1 11  1]
307,"[16 29 33 27 11 19  6  2 29 33 11 19  6  2 31 11 19  3  3 22 27 11 19 15
 26  3 22 11 19 15 26 29]",[29 33 27 11 19  6  2 29]
308,"[ 5  6  9  6 20  6 23 12  9  7 10  9  9  9  7 10  9  9  9 23 10 12 10 10
 24 10 10 10 10 12 10 12]",[ 6  9  6 20  6 23 12  9]
309,"[24 24 25 30 24  4 11 24 30 24 24  9  2 24  8  5 24  2 24 27 10 17  2 10
 25 10 23  2 10  8 22  2]",[24 25 30 24  4 11 24 30]
310,"[24  2 24  3 24 15  2 24  5 24  2 24 24 15  2 24  5 24  2 24 20 24 28 30
 24 11 24 30 24 24 30 24]",[ 2 24  3 24 15  2 24  5]
311,"[13 26 29 33 11 19 10  2 29 33 11 19 10  2 16 16  0  0  0  0  0  0 16 16
 16 16 29 33 27 11 19  6]",[26 29 33 11 19 10  2 29]
312,"[13  5 30  5 15 13  5 29  5  5  3  5 15  5 29  5  5  5  5 28  5 11  5 29
  5  3  5 15  5 29  5  5]",[ 5 30  5 15 13  5 29  5]
313,"[16 16 18 21 18 32 21 32  0 21 18 16 16 18 21 18 21 19 21 19 19 19 19 19
 19 19 19 19 19 19 29 27]",[16 18 21 18 32 21 32  0]
314,"[13 12 13 26 13 12 22 26 23 19 26  4 31 26 25 33 26 22 26  7 26 25 19 26
  4 26  4  7 13 26 13 23]",[12 13 26 13 12 22 26 23]
315,"[27 11 19 13 26  3 22 11 19 13 26 29 33 11 19 10  2 29 33 11 19 10  2 16
 16  0  0  0  0  0  0 16]",[11 19 13 26  3 22 11 19]
316,"[ 4  8  8  8  8  8  8  8  8  8  2 10 11 29  6 25 25 14 14  2 13  1 29 15
 20  4 23 23 23 14 12 25]",[8 8 8 8 8 8 8 8]
317,"[33 11 19 10  2 31 11 19 26  3 22 27 11 19 13 26  3 22 11 19 13 26 29 33
 11 19 10  2 29 33 11 19]",[11 19 10  2 31 11 19 26]
318,"[11 19 10  2 31 11 19 26  3 22 27 11 19 13 26  3 22 11 19 13 26 29 33 11
 19 10  2 29 33 11 19 10]",[19 10  2 31 11 19 26  3]
319,"[26 25 19 26  4 26  4  7 13 26 13 23  7 11 30 11 22 26  7 26 25 19 26  4
 26  4  7 13 26 13 23  7]",[25 19 26  4 26  4  7 13]
320,"[26  3 22 11 19 15 26 29 33 11 19  6  2 11  0  8  0  0  0  0 29 33 27 11
 19 10  2 29 33 11 19 10]",[ 3 22 11 19 15 26 29 33]
321,"[10 29  2  1  7 28 29 20  1 33  6 10  5 28  1 20 29 33  6 10  5 28  1 20
 29 33  6 10 33 28  1 20]",[29  2  1  7 28 29 20  1]
322,"[26  3 22 27 11 19 13 26  3 22 11 19 13 26 29 33 11 19 10  2 29 33 11 19
 10  2 16 16  0  0  0  0]",[ 3 22 27 11 19 13 26  3]
323,"[13 29 20 20  2 26  2  7 22 15  2  1 28  1 20 15 29 15 13 20 28 27 31 33
 22  0 27 22 29  3  6 15]",[29 20 20  2 26  2  7 22]
324,"[29 29 13 29 29  3 29  1 13 29 20 20  2 26  2  7 22 15  2  1 28  1 20 15
 29 15 13 20 28 27 31 33]",[29 13 29 29  3 29  1 13]
325,"[21 16 32 31 32 32 21 31 21 32 21 32 21 31 21 32 21 32 21 18 16 16 18 21
 18 32 21 32 21 18 16 16]",[16 32 31 32 32 21 31 21]
326,"[13 20 28 27 31 33 22  0 27 22 29  3  6 15 29  0 15 25 16 25  8  8 17  0
 17  0 23  4 20 20 15  3]",[20 28 27 31 33 22  0 27]
327,"[ 5 24  2 24 20 24 28 30 24 11 24 30 24 24 30 24 15 11 24 30 24 20 24 28
 30 24 11 24 30 24 24 30]",[24  2 24 20 24 28 30 24]
328,"[10 13 10  1 23 29 12 23  2  4 12  8  7 23  8 10 33 24 10 13 10 26 12 23
 27  4 12  8 23  8 23 23]",[13 10  1 23 29 12 23  2]
329,"[24 17 11 24 30 24 24 25 30 24  4 11 24 30 24 24  8 30 24 17 11 24 30 24
 24 25 30 24  4 11 24 30]",[17 11 24 30 24 24 25 30]
330,"[20  9 33 12 10  6  5  6  9  6 20  6 23 12  9  7 10  9  9  9  7 10  9  9
  9 23 10 12 10 10 24 10]",[ 9 33 12 10  6  5  6  9]
331,"[ 0 27 22 27 31 33 22  0 27 22 16 19 16 19  2  2  0  0 14 29  2  3 26 29
  2  1  7 13 22 29  2 20]",[27 22 27 31 33 22  0 27]
332,"[ 3 10 11  3 25 26 13 23  3  4 26 13  3 12 22 26 23 19 26  4 31 26 25 33
 26 22 26  7 26 25 19 26]",[10 11  3 25 26 13 23  3]
333,"[24  8  5 24  2 24 27 10 17  2 10 25 10 23  2 10  8 22  2 17  2 13  2  2
  2  2  2  8  2 22  4 30]",[ 8  5 24  2 24 27 10 17]
334,"[20 20 15  3 15  3  1  1  7  7 33  7 15  7  6  7  2 13 29  6 20 15  6  3
  6  6 10 15 13  6 10 29]",[20 15  3 15  3  1  1  7]
335,"[ 0  0  0 21 31 21 32 21 32 16 16 21 31 21 32 21 32 21 31 21 32 32 31 32
 32 31 32 32 31 32 21 32]",[ 0  0 21 31 21 32 21 32]
336,"[ 6  6 10 15 13  6 10 29  2  1  7 28 29 20  1  6 10 15 13  6 10 29  2  1
  7 28 29 20  1 33  6 10]",[ 6 10 15 13  6 10 29  2]
337,"[17 14 14 25  8  4 17 17 23 12 12  8 27 31 33 22 19  7 17 17 17 17 17 17
 17 17 17 17 14 14 14 14]",[14 14 25  8  4 17 17 23]
338,"[23 20 23 15 23  6  3 23  5  1 25 26  3  4  5  1 26  3  5  1 26  3  5  1
 26  1 24 25  1 24  1 24]",[20 23 15 23  6  3 23  5]
339,"[ 7 13 22 29  2 20  1 20  1 15 13 29  1 13  2 13  1 29 27 31 33 22  0 27
 22 27 31 33 22  0 27 22]",[13 22 29  2 20  1 20  1]
340,"[22 27 11 19 13 26  3 22 11 19 13 26 29 11 19 24  2 29 11 19 24  2 16 16
 16 16 16 16 29 33 27 11]",[27 11 19 13 26  3 22 11]
341,"[29 28  1 20 29 28  1 20 29 28  1 20 29 28  1 20 29  2 29 26  2  7 29 22
  2 29  1  1 29 29 13 29]",[28  1 20 29 28  1 20 29]
342,"[16 16 16 16 16 16  5 13 13 24 15 30 24 15 30 24 13  5 16 16 16 16 16 16
  5 13 13 24 15 30 24 15]",[16 16 16 16 16  5 13 13]
343,"[33 11 19  6  2 11  0  8  0  0  0  0 29 33 27 11 19 10  2 29 33 11 19 10
  2 31 11 19 26  3 22 27]",[11 19  6  2 11  0  8  0]
344,"[ 0 14 20 20 15  3 15  3  1  1  7  7 33  7 15  7  6  7  2 13 29  6 20 15
  6  3  6  6 10 15 13  6]",[14 20 20 15  3 15  3  1]
345,"[24 24 15  2 24  5 24  2 24 20 24 28 30 24 11 24 30 24 24 30 24 15 11 24
 30 24 20 24 28 30 24 11]",[24 15  2 24  5 24  2 24]
346,"[ 7 28 29 20  1 33  6 10  5 28  1 20 29 33  6 10  5 28  1 20 29 33  6 10
 33 28  1 20 29 28  1 20]",[28 29 20  1 33  6 10  5]
347,"[29 15 20  4 23 23 23 14 12 25  8 13  3 15 17 14 14 25  8  4 17 17 23  4
 25 25 12 12 12 12 28 20]",[15 20  4 23 23 23 14 12]
348,"[20 29 33  6 10  5 28  1 20 29 33  6 10 33 28  1 20 29 28  1 20 29 28  1
 20 29 28  1 20 29 28  1]",[29 33  6 10  5 28  1 20]
349,"[21 32 21 16 32 31 32 32 21 31 21 32 21 32 21 31 21 32 21 32 21 18 16 16
 18 21 18 32 21 32 21 18]",[32 21 16 32 31 32 32 21]
350,"[ 9 23 10 12 10 10 24 10 10 10 10 12 10 12 12 12 10 12 12  2  4 10 23 10
 10 24 10 13 10 10 10 23]",[23 10 12 10 10 24 10 10]
351,"[ 8 27 31 33 22 19  7 17 17 17 17 17 17 17 17 17 17 14 14 14 14 14 14 14
 22  7  2 13  1 29 23  4]",[27 31 33 22 19  7 17 17]
352,"[ 4  4  8  8  4 12  4  9  4  8  4  9  9  9  8  8  8  8 17 17  0  0 25  0
 17  0  8  9  4 25 17  0]",[ 4  8  8  4 12  4  9  4]
353,"[25 25 14 14  2 13  1 29 15 20  4 23 23 23 14 12 25  8  2 13  1 29 15 20
  4 23 23 23 14 12 25  8]",[25 14 14  2 13  1 29 15]
354,"[16 25 16 25 27 31 27 31 33 22 33 22 19 19  2  2 14  9  9 27 27 22 19 22
 19  8  8 27 27 22 22 19]",[25 16 25 27 31 27 31 33]
355,"[13 26 13 23  7 11 30 11 23 20 25  3  3  4  5  1 26 20 25  1 24 28 17 29
  8 17  3 11 12 20 20  9]",[26 13 23  7 11 30 11 23]
356,"[32 21 32 21 31 21 32 21 16 32 31 32 32 21 31 21 32 21 32 21 31 21 32 21
 32 21 18 16 16 18 21 18]",[21 32 21 31 21 32 21 16]
357,"[23 33 33 33 33 20  9 33 12 10  6  5  6  9  6 20  6 23 12  9  7 10  9  9
  9  7 10  9  9  9 23 10]",[33 33 33 33 20  9 33 12]
358,"[20 29 33  6 10 33 28  1 20 29 28  1 20 29 28  1 20 29 28  1 20 29 28  1
 20 29 28  1 20 29  2 29]",[29 33  6 10 33 28  1 20]
359,"[ 6 10  5 28  1 20 29 33  6 10 33 28  1 20 29 28  1 20 29 28  1 20 29 28
  1 20 29 28  1 20 29 28]",[10  5 28  1 20 29 33  6]
360,"[ 7  2 13 29  6 20 15  6  3  6  6 10 15 13  6 10 29  2  1  7 28 29 20  1
  6 10 15 13  6 10 29  2]",[ 2 13 29  6 20 15  6  3]
361,"[13  3 12 22 26 23 19 26  4 31 26 25 33 26 22 26  7 26 25 19 26  4 26  4
  7 13 26 13 23  7 11 30]",[ 3 12 22 26 23 19 26  4]
362,"[21 31 21 32 32 31 32 32 31 32 32 31 32 21 32 21 31 21 32 21 32 21 31 21
 32 21 16 32 31 32 32 21]",[31 21 32 32 31 32 32 31]
363,"[21 11 29 21 11 27  2 21 11 29 21 11 27  2 21 10 18  1  6 31  1 10 18  1
  6 31  1 10 18  1  6 31]",[11 29 21 11 27  2 21 11]
364,"[33 11 19 10  2 29 33 11 19 10  2 16 16  0  0  0  0  0  0 16 16 16 16 29
 33 27 11 19  6  2 29 33]",[11 19 10  2 29 33 11 19]
365,"[27 22 16 19 16 19  2  2  0  0 14 20 20 15  3 15  3  1  1  7  7 33  7 15
  7  6  7  2 13 29  6 20]",[22 16 19 16 19  2  2  0]
366,"[11 22 26  7 26 25 19 26  4 26  4  7 13 26 13 23  7 11 30 11 23 20 25  3
  3  4  5  1 26 20 25  1]",[22 26  7 26 25 19 26  4]
367,"[14 14 14 14 14 22  7  2 13  1 29 23  4  4  8  8  0  8  8  8  8  8  8  8
  2 10 11 29  6 25 25 14]",[14 14 14 14 22  7  2 13]
368,"[ 2 13  1 29 15 20 14 12 26 13  3 15 14 14 13  1 29 15 20 28 21 19 30 25
 14  4  0  8 11 29  6 28]",[13  1 29 15 20 14 12 26]
369,"[16 16 21 31 21 32 21 32 21 31 21 32 32 31 32 32 31 32 32 31 32 21 32 21
 31 21 32 21 32 21 31 21]",[16 21 31 21 32 21 32 21]
370,"[19 10  2 31 11 19 26  3 22 27 11 19 13 26  3 22 11 19 13 26 29 33 11 19
 10  2 29 33 11 19 10  2]",[10  2 31 11 19 26  3 22]
371,"[ 1 20 29  2 29 26  2  7 29 22  2 29  1  1 29 29 13 29 29  3 29  1 13 29
 20 20  2 26  2  7 22 15]",[20 29  2 29 26  2  7 29]
372,"[15  6  3  6  6 10 15 13  6 10 29  2  1  7 28 29 20  1  6 10 15 13  6 10
 29  2  1  7 28 29 20  1]",[ 6  3  6  6 10 15 13  6]
373,"[ 1 26 20 25  1 24 28 17 29  8 17  3 11  9 22 26  7 26 25 19 26  4 26  4
  7 13 26 13 23  7 11 30]",[26 20 25  1 24 28 17 29]
374,"[32 21 31 21 32 21 32 21 18 16 16 18 21 18 32 21 32 21 18 16 16 18 21 18
 32 21 32  0 21 18 16 16]",[21 31 21 32 21 32 21 18]
375,"[13 26 29 33 11 19 10  2 29 33 11 19 10  2 16 16  0  0  0  0  0  0 16 16
 16 16 29 33 27 11 19  6]",[26 29 33 11 19 10  2 29]
376,"[ 0  2 27  2 27  2 27 27  2 27  2 27  2  0  0 27  2 27 27  0 27 27 27 27
 27 27 27 27 27 27  0  0]",[ 2 27  2 27  2 27 27  2]
377,"[25  8  2 13  1 29 15 20  4 23 23 23 14 12 25  8 13  3 15 17 14 14 25  8
  4 17 17 23 12 12  8 27]",[ 8  2 13  1 29 15 20  4]
378,"[21 31 21 32 21 32 21 31 21 32 21 16 32 31 32 32 21 31 21 32 21 32 21 31
 21 32 21 32 21 18 16 16]",[31 21 32 21 32 21 31 21]
379,"[11 27 29 33 11 27 13 21 11 31 29 22 11 31 13 21 11 31 22 11 31 13 21 11
 31  1 22 11 31 13 21 11]",[27 29 33 11 27 13 21 11]
380,"[21 32 21 32 21 31 21 32 21 32 21 18 16 16 18 21 18 32 21 32 21 18 16 16
 18 21 18 32 21 32  0 21]",[32 21 32 21 31 21 32 21]
381,"[11 31 23 27  6  6  6  6 15  6  3  9 33  9  9  9 33  9  9  9 23 33 12 33
 33 33 33 33 12 33 12 12]",[31 23 27  6  6  6  6 15]
382,"[24 15  2 24  5 24  2 24  3 24 15  2 24  5 24  2 24 24 15  2 24  5 24  2
 24 20 24 28 30 24 11 24]",[15  2 24  5 24  2 24  3]
383,"[20 29 33  6 10  5 28  1 20 29 33  6 10 33 28  1 20 29 28  1 20 29 28  1
 20 29 28  1 20 29 28  1]",[29 33  6 10  5 28  1 20]
384,"[10 12 12  2  4 10 23 10 10 24 10 13 10 10 10 23 26 25  1  4  1  1 10 13
 11 13 11  4  1  2  4  1]",[12 12  2  4 10 23 10 10]
385,"[19 24  2 31 11 19 26  3 22 27 11 19 13 26  3 22 11 19 13 26 29 11 19 24
  2 29 11 19 24  2 16 16]",[24  2 31 11 19 26  3 22]
386,"[24 11  1  8 24 11  1 31 24 11  1 24 11  1  8 21  8 27  8 31 33  8 19  7
  8  2 26  8 10  8 11  3]",[11  1  8 24 11  1 31 24]
387,"[22  0 27 22 16 19 16 19  2  2  0  0 14 29  2  3 26 29  2  1  7 13 22 29
  2 20  1 20  1 15 13 29]",[ 0 27 22 16 19 16 19  2]
388,"[23  7 11 30 11 23 20 25  3  3  4  5  1 26 20 25  1 24 28 17 29  8 17  3
 11  9 22 26  7 26 25 19]",[ 7 11 30 11 23 20 25  3]
389,"[21 32 21 32 16 16 21 31 21 32 21 32 21 31 21 32 32 31 32 32 31 32 32 31
 32 21 32 21 31 21 32 21]",[32 21 32 16 16 21 31 21]
390,"[ 2 14  9  9 27 27 22 19 22 19  8  8 27 27 22 22 19 19 17 17 14 14 14 14
 14 14  4  4  4 14  9  9]",[14  9  9 27 27 22 19 22]
391,"[ 4 12  4  9  4  8  4  9  9  9  8  8  8  8 17 17  0  0 25  0 17  0  8  9
  4 25 17  0  8 25  0 17]",[12  4  9  4  8  4  9  9]
392,"[32 21 16 32 31 32 32 21 31 21 32 21 32 21 31 21 32 21 32 21 18 16 16 18
 21 18 32 21 32 21 18 16]",[21 16 32 31 32 32 21 31]
393,"[25  1 24 28 17 29  8 17  3 11 12 20 20  9  6  1  9 23 12  6 15  9 28 15
  3 29  5 11 13 24 30 26]",[ 1 24 28 17 29  8 17  3]
394,"[ 5 24  2 24 24  8 30 24 17 11 24 30 24 24 25 30 24  4 11 24 30 24 24  8
 30 24 17 11 24 30 24 24]",[24  2 24 24  8 30 24 17]
395,"[33 33 33 33 20  9 33 12 10  6  5  6  9  6 20  6 23 12  9  7 10  9  9  9
  7 10  9  9  9 23 10 12]",[33 33 33 20  9 33 12 10]
396,"[ 1 33  6 10  5 28  1 20 29 33  6 10  5 28  1 20 29 33  6 10 33 28  1 20
 29 28  1 20 29 28  1 20]",[33  6 10  5 28  1 20 29]
397,"[24 30 24 15 11 24 30 24 20 24 28 30 24 11 24 30 24 24 30 24 15 11 24 30
 24 12 24  4  2 24  5 24]",[30 24 15 11 24 30 24 20]
398,"[20 29  2 29 26  2  7 29 22  2 29  1  1 29 29 13 29 29  3 29  1 13 29 20
 20  2 26  2  7 22 15  2]",[29  2 29 26  2  7 29 22]
399,"[29 28  1 20 29 28  1 20 29  2 29 26  2  7 29 22  2 29  1  1 29 29 13 29
 29  3 29  1 13 29 20 20]",[28  1 20 29 28  1 20 29]
400,"[14  9  9 27 27 22 19 22 19  8  8 27 27 22 22 19 19 17 17 14 14 14 14 14
 14  4  4  4 14  9  9  9]",[ 9  9 27 27 22 19 22 19]
401,"[13 24 26 13 24 12  4 12  4  3 24 15  2 24  5 24  2 24 24 15  2 24  5 24
  2 24  3 24 15  2 24  5]",[24 26 13 24 12  4 12  4]
402,"[33  8 19  7  8  2 26  8 10  8 11  3 17 11  3 31 11  3 11  3 17 13  1  3
 13  1  3 31 13  1  3 13]",[ 8 19  7  8  2 26  8 10]
403,"[17 14 14 25  8  4 17 17 23  4 25 25 12 12 12 12 28 20 12 15  6 12  3 12
  1  4 11 23  1 11  1 11]",[14 14 25  8  4 17 17 23]
404,"[29  1 13 29 20 20  2 26  2  7 22 15  2  1 28  1 20 15 29 15 13 20 28 27
 31 33 22  0 27 22 29  3]",[ 1 13 29 20 20  2 26  2]
405,"[20 15  6  3  6  6 10 15 13  6 10 29  2  1  7 28 29 20  1  6 10 15 13  6
 10 29  2  1  7 28 29 20]",[15  6  3  6  6 10 15 13]
406,"[31  1 10 18  1  6 31  1 10 18  1  6 31  1 26 18  1  3 31  1 10 21 11 27
  3 33 11 27 10 21 11 27]",[ 1 10 18  1  6 31  1 10]
407,"[16 16 29 33 27 11 19  6  2 29 33 11 19  6  2 31 11 19  3  3 22 27 11 19
 15 26  3 22 11 19 15 26]",[16 29 33 27 11 19  6  2]
408,"[11 27  2 21 11 29 21 11 27  2 21 10 18  1  6 31  1 10 18  1  6 31  1 10
 18  1  6 31  1 26 18  1]",[27  2 21 11 29 21 11 27]
409,"[19  7 17 17 17 17 17 17 17 17 17 17 14 14 14 14 14 14 14 22  7  2 13  1
 29 23  4  4  8  8  0  8]",[ 7 17 17 17 17 17 17 17]
410,"[23  1  1 24 10 13 10  1 23 29 12 23  2  4 12  8  7 23  8 10 33 24 10 13
 10 26 12 23 27  4 12  8]",[ 1  1 24 10 13 10  1 23]
411,"[29  6 20 15  6  3  6  6 10 15 13  6 10 29  2  1  7 28 29 20  1  6 10 15
 13  6 10 29  2  1  7 28]",[ 6 20 15  6  3  6  6 10]
412,"[31 33 22  0 27 22 16 19 16 19  2  2  0  0 14 20 20 15  3 15  3  1  1  7
  7 33  7 15  7  6  7  2]",[33 22  0 27 22 16 19 16]
413,"[ 1 20 29  2 29 26  2  7 29 22  2 29  1  1 29 29 13 29 29  3 29  1 13 29
 20 20  2 26  2  7 22 15]",[20 29  2 29 26  2  7 29]
414,"[ 4  4  8  8  8  8  8  8  8  8  8  2 10 11 29  6 25 25 14 14  2 13  1 29
 15 20  4 23 23 23 14 12]",[4 8 8 8 8 8 8 8]
415,"[29 15 20 14 12 26 13  3 15 14 14 13  1 29 15 20 28 21 19 30 25 14  4  0
  8 11 29  6 28 21 19 30]",[15 20 14 12 26 13  3 15]
416,"[ 3  4  5  1 26 20 25  1 24 28 17 29  8 17  3 11 12 20 20  9  6  1  9 23
 12  6 15  9 28 15  3 29]",[ 4  5  1 26 20 25  1 24]
417,"[ 9  6  3  9 12  1  5 23 12  9  3 21 18  2 27 18  2 27 18  2 27 18  2 27
 18  2 27 18  2 27 18  2]",[ 6  3  9 12  1  5 23 12]
418,"[22  0 27 22 29  3  6 15 29  0 15 25 16 25  8  8 17  0 17  0 23  4 20 20
 15  3 15  3  1  1  7  7]",[ 0 27 22 29  3  6 15 29]
419,"[19 13 26 29 33 11 19 10  2 29 33 11 19 10  2 16 16  0  0  0  0  0  0 16
 16 16 16 29 33 27 11 19]",[13 26 29 33 11 19 10  2]
420,"[23 23 14 12 25  8  2 13  1 29 15 20  4 23 23 23 14 12 25  8 13  3 15 17
 14 14 25  8  4 17 17 23]",[23 14 12 25  8  2 13  1]
421,"[12  3 12  1  4 11 23  1 11  1 11  1 11 23 23 23 23 20 23 15 23  6  3 23
  5  1 25 26  3  4  5  1]",[ 3 12  1  4 11 23  1 11]
422,"[13 29 29  3 29  1 13 29 20 20  2 26  2  7 22 15  2  1 28  1 20 15 29 15
 13 20 28 27 31 33 22  0]",[29 29  3 29  1 13 29 20]
423,"[26  4 26  4  7 13 26 13 23  7 11 30 11 22 26  7 26 25 19 26  4 26  4  7
 13 26 13 23  7 11 30 11]",[ 4 26  4  7 13 26 13 23]
424,"[28  1 20 29 33  6 10  5 28  1 20 29 33  6 10 33 28  1 20 29 28  1 20 29
 28  1 20 29 28  1 20 29]",[ 1 20 29 33  6 10  5 28]
425,"[22 15  2  1 28  1 20 15 29 15 13 20 28 27 31 33 22  0 27 22 29  3  6 15
 29  0 15 25 16 25  8  8]",[15  2  1 28  1 20 15 29]
426,"[29  5  5 30  5 13  5  5 13  5 30  5 15 13  5 29  5  5  3  5 15  5 29  5
  5  5  5 28  5 11  5 29]",[ 5  5 30  5 13  5  5 13]
427,"[ 8  4 12  4  9  4  8  4  9  9  9  8  8  8  8 17 17  0  0 25  0 17  0  8
  9  4 25 17  0  8 25  0]",[ 4 12  4  9  4  8  4  9]
428,"[16 16 16 29 33 27 11 19  6  2 29 33 11 19  6  2 31 11 19  3  3 22 27 11
 19 15 26  3 22 11 19 15]",[16 16 29 33 27 11 19  6]
429,"[ 1 13 29 20 20  2 26  2  7 22 15  2  1 28  1 20 15 29 15 13 20 28 27 31
 33 22  0 27 22 29  3  6]",[13 29 20 20  2 26  2  7]
430,"[26 13 23  3  4 26 13  3 12 22 26 23 19 26  4 31 26 25 33 26 22 26  7 26
 25 19 26  4 26  4  7 13]",[13 23  3  4 26 13  3 12]
431,"[12 12  2  4 10 23 10 10 24 10 13 10 10 10 23 26 25  1  4  1  1 10 13 11
 13 11  4  1  2  4  1 23]",[12  2  4 10 23 10 10 24]
432,"[16  0  0  0  0  0  0 16 16 16 16 29 33 27 11 19  6  2 29 33 11 19  6  2
 31 11 19  3  3 22 27 11]",[ 0  0  0  0  0  0 16 16]
433,"[26 23 19 26  4 31 26 25 33 26 22 26  7 26 25 19 26  4 26  4  7 13 26 13
 23  7 11 30 11 23 20 25]",[23 19 26  4 31 26 25 33]
434,"[ 6 10 29  2  1  7 28 29 20  1  6 10 15 13  6 10 29  2  1  7 28 29 20  1
 33  6 10  5 28  1 20 29]",[10 29  2  1  7 28 29 20]
435,"[ 5 15  5 29  5  5  5  5 28  5 11  5 29  5 30  5 13  5  4  5 13  5 22 13
  2 13  8  1 13  2 13  4]",[15  5 29  5  5  5  5 28]
436,"[15 26 29 33 11 19  6  2 11  0  8  0  0  0  0 29 33 27 11 19 10  2 29 33
 11 19 10  2 31 11 19 26]",[26 29 33 11 19  6  2 11]
437,"[ 8  8  8  8  8  8  2 10 11 29  6 25 25 14 14 14  2 13  1 29 15 20 14 12
 26 13  3 15 14 14 13  1]",[ 8  8  8  8  8  2 10 11]
438,"[21 31 21 32 21 32 21 31 21 32 21 32 21 18 16 16 18 21 18 32 21 32 21 18
 16 16 18 21 18 32 21 32]",[31 21 32 21 32 21 31 21]
439,"[24 15  2 24  5 24  2 24 20 24 28 30 24 11 24 30 24 24 30 24 15 11 24 30
 24 20 24 28 30 24 11 24]",[15  2 24  5 24  2 24 20]
440,"[21 31 21 32 21 16 32 31 32 32 21 31 21 32 21 32 21 31 21 32 21 32 21 18
 16 16 18 21 18 32 21 32]",[31 21 32 21 16 32 31 32]
441,"[13  6 10 29  2  1  7 28 29 20  1 33  6 10  5 28  1 20 29 33  6 10  5 28
  1 20 29 33  6 10 33 28]",[ 6 10 29  2  1  7 28 29]
442,"[ 6 10 29  2  1  7 28 29 20  1 33  6 10  5 28  1 20 29 33  6 10  5 28  1
 20 29 33  6 10 33 28  1]",[10 29  2  1  7 28 29 20]
443,"[ 7 26 25 19 26  4 26  4  7 13 26 13 23  7 11 30 11 23 20 25  3  3  4  5
  1 26 20 25  1 24 28 17]",[26 25 19 26  4 26  4  7]
444,"[17 30 30 24 24 17  5 24 24  9 30 30 30 30 30  4 30  5 30 30 30 30 24 24
 16 16 16 16 16 16  5 13]",[30 30 24 24 17  5 24 24]
445,"[11 19 26  3 22 27 11 19 13 26  3 22 11 19 13 26 29 33 11 19 10  2 29 33
 11 19 10  2 16 16  0  0]",[19 26  3 22 27 11 19 13]
446,"[ 1  1 29  1 11 29 21 11 27  2 21 11 29 21 11 27  2 21 11 29 21 11 27  2
 21 11 29 21 11 27  2 21]",[ 1 29  1 11 29 21 11 27]
447,"[ 2  8  2 22  4 30 22  4 24 22  9 30 22  8  9 24 30  5 13  5  5 13  5 30
  5 15 13  5 29  5  5 30]",[ 8  2 22  4 30 22  4 24]
448,"[15  2  1 28  1 20 15 29 15 13 20 28 27 31 33 22  0 27 22 29  3  6 15 29
  0 15 25 16 25  8  8 17]",[ 2  1 28  1 20 15 29 15]
449,"[ 5  5 13  5 30  5 15 13  5 29  5  5  3  5 15  5 29  5  5  5  5 28  5 11
  5 29  5  3  5 15  5 29]",[ 5 13  5 30  5 15 13  5]
450,"[24 17  5 24 24  9 30 30 30 30 30  4 30  5 30 30 30 30 24 24 16 16 16 16
 16 16  5 13 13 24 15 30]",[17  5 24 24  9 30 30 30]
451,"[19  6  2 11  0  8  0  0  0  0 29 33 27 11 19 10  2 29 33 11 19 10  2 31
 11 19 26  3 22 27 11 19]",[ 6  2 11  0  8  0  0  0]
452,"[27 31 33 22  0 27 22 16 19 16 19  2  2  0  0 14 20 20 15  3 15  3  1  1
  7  7 33  7 15  7  6  7]",[31 33 22  0 27 22 16 19]
453,"[ 8 27 27 22 22 19 19 17 17 14 14 14 14 14 14  4  4  4 14  9  9  9  8  8
 28  8  8  8  8  8  9 17]",[27 27 22 22 19 19 17 17]
454,"[18 16 16 18 21 18 32 21 32 21 18 16 16 18 21 18 32 21 32  0 21 18 16 16
 18 21 18 21 19 21 19 19]",[16 16 18 21 18 32 21 32]
455,"[ 0  8  0  0  0  0 21 31 21 32 21 32 16 16 21 31 21 32 21 32 21 31 21 32
 32 31 32 32 31 32 32 31]",[ 8  0  0  0  0 21 31 21]
456,"[29 29  2  3 26 29  2  1  7 13 22 29  2 20  1 20  1 15 13 29  1 13  2 13
  1 29 27 31 33 22  0 27]",[29  2  3 26 29  2  1  7]
457,"[29 15 20  4 23 23 23 14 12 25  8  2 13  1 29 15 20  4 23 23 23 14 12 25
  8 13  3 15 17 14 14 25]",[15 20  4 23 23 23 14 12]
458,"[15 13  6 10 29  2  1  7 28 29 20  1 33  6 10  5 28  1 20 29 33  6 10  5
 28  1 20 29 33  6 10 33]",[13  6 10 29  2  1  7 28]
459,"[17  0  0 25  0 17  0  8  9  4 25 17  0  8 25  0 17  0  8  9  4 25 17 25
  0 17  8  4 25 17 25  0]",[ 0  0 25  0 17  0  8  9]
460,"[14 14 14 22  7  2 13  1 29 23  4  4  8  8  0  8  8  8  8  8  8  8  2 10
 11 29  6 25 25 14 14 14]",[14 14 22  7  2 13  1 29]
461,"[11  0  8  0  0  0  0 27  2 27  0  2 27  2 27  2 27 27  2 27  2 27  2  0
  0 27  2 27 27  0 27 27]",[ 0  8  0  0  0  0 27  2]
462,"[27 18 13 27 18 13 27 18 13 27 18 13 27 14 18  1 27 14 18  1 27 14 18  1
 27 14 18  1 27 18 29 27]",[18 13 27 18 13 27 18 13]
463,"[10  8 11  3 17 11  3 31 11  3 11  3 17 13  1  3 13  1  3 31 13  1  3 13
  1  3 10 11  3 25 10 11]",[ 8 11  3 17 11  3 31 11]
464,"[ 1 10 18  1  6 31  1 26 18  1  3 31  1 10 21 11 27  3 33 11 27 10 21 11
 27 29 33 11 27 13 21 11]",[10 18  1  6 31  1 26 18]
465,"[ 8 17 17  0  0 25  0 17  0  8  9  4 25 17  0  8 25  0 17  0  8  9  4 25
 17 25  0 17  8  4 25 17]",[17 17  0  0 25  0 17  0]
466,"[ 6 31  1 26 18  1  3 31  1 10 21 11 27  3 33 11 27 10 21 11 27  3 33 11
 27 10 21 11 27  3 33 11]",[31  1 26 18  1  3 31  1]
467,"[ 6  2 11  0  8  0  0  0  0 27  2 27  0  2 27  2 27  2 27 27  2 27  2 27
  2  0  0 27  2 27 27  0]",[ 2 11  0  8  0  0  0  0]
468,"[ 2 29  1  1 29 29 13 29 29  3 29  1 13 29 20 20  2 26  2  7 22 15  2  1
 28  1 20 15 29 15 13 20]",[29  1  1 29 29 13 29 29]
469,"[18  2 27 18  2 27 18  2 27 18  2 27 18 13 27 18 13 27 18 13 27 18 13 27
 14 18  1 27 14 18  1 27]",[ 2 27 18  2 27 18  2 27]
470,"[ 6 10 29  2  1  7 28 29 20  1  6 10 15 13  6 10 29  2  1  7 28 29 20  1
 33  6 10  5 28  1 20 29]",[10 29  2  1  7 28 29 20]
471,"[ 3  1  1  7  7 33  7 15  7  6  7  2 13 29  6 20 15  6  3  6  6 10 15 13
  6 10 29  2  1  7 28 29]",[ 1  1  7  7 33  7 15  7]
472,"[13 22 29  2 20  1 20  1 15 13 29  1 13  2 13  1 29 27 31 33 22  0 27 22
 27 31 33 22  0 27 22 16]",[22 29  2 20  1 20  1 15]
473,"[28  1 20 29 28  1 20 29  2 29 26  2  7 29 22  2 29  1  1 29 29 13 29 29
  3 29  1 13 29 20 20  2]",[ 1 20 29 28  1 20 29  2]
474,"[ 3  6  6 10 15 13  6 10 29  2  1  7 28 29 20  1  6 10 15 13  6 10 29  2
  1  7 28 29 20  1 33  6]",[ 6  6 10 15 13  6 10 29]
475,"[27  0  2 27  2 27  2 27 27  2 27  2 27  2  0  0 27  2 27 27  0 27 27 27
 27 27 27 27 27 27 27  0]",[ 0  2 27  2 27  2 27 27]
476,"[29  8 17  3 11  9 22 26  7 26 25 19 26  4 26  4  7 13 26 13 23  7 11 30
 11 22 26  7 26 25 19 26]",[ 8 17  3 11  9 22 26  7]
477,"[11  1  8 21  8 27  8 31 33  8 19  7  8  2 26  8 10  8 11  3 17 11  3 31
 11  3 11  3 17 13  1  3]",[ 1  8 21  8 27  8 31 33]
478,"[19 19 19 19 19 29 27 11 19 24  2 29 11 19 24  2 31 11 19 26  3 22 27 11
 19 13 26  3 22 11 19 13]",[19 19 19 19 29 27 11 19]
479,"[23 23 14 12 25  8  2 13  1 29 15 20  4 23 23 23 14 12 25  8 13  3 15 17
 14 14 25  8  4 17 17 23]",[23 14 12 25  8  2 13  1]
480,"[33  6 10  5 28  1 20 29 33  6 10  5 28  1 20 29 33  6 10 33 28  1 20 29
 28  1 20 29 28  1 20 29]",[ 6 10  5 28  1 20 29 33]
481,"[11 19 10  2 29 33 11 19 10  2 16 16  0  0  0  0  0  0 16 16 16 16 29 33
 27 11 19  6  2 29 33 11]",[19 10  2 29 33 11 19 10]
482,"[ 5 29  5  5  5  5 28  5 11  5 29  5 30  5 13  5  4  5 13  5 22 13  2 13
  8  1 13  2 13  4 13 30]",[29  5  5  5  5 28  5 11]
483,"[19 19 19 29 27 11 19 24  2 29 11 19 24  2 31 11 19 26  3 22 27 11 19 13
 26  3 22 11 19 13 26 29]",[19 19 29 27 11 19 24  2]
484,"[ 1  1 24 10 13 10  1 23 29 12 23  2  4 12  8  7 23  8 10 33 24 10 13 10
 26 12 23 27  4 12  8 23]",[ 1 24 10 13 10  1 23 29]
485,"[31 24 11  1 24 11  1  8 21  8 27  8 31 33  8 19  7  8  2 26  8 10  8 11
  3 17 11  3 31 11  3 11]",[24 11  1 24 11  1  8 21]
486,"[11  3 17 13  1  3 13  1  3 31 13  1  3 13  1  3 10 11  3 25 10 11  3 31
 10 11  3 10 11  3 25 26]",[ 3 17 13  1  3 13  1  3]
487,"[29  5  3  5 15  5 29  5  5  5  5 28  5 11  5 29  5 30  5 13  5  4  5 13
  5 22 13  2 13  8  1 13]",[ 5  3  5 15  5 29  5  5]
488,"[19  2  2 14  9  9 27 27 22 19 22 19  8  8 27 27 22 22 19 19 17 17 14 14
 14 14 14 14  4  4  4 14]",[ 2  2 14  9  9 27 27 22]
489,"[14  9  9  9  8  8 28  8  8  8  8  8  9 17 17 17  9  9  4 25 17 28 28 17
 17 17 17 17  8 25  8  8]",[ 9  9  9  8  8 28  8  8]
490,"[15 29 15 13 20 28 27 31 33 22  0 27 22 29  3  6 15 29  0 15 25 16 25  8
  8 17  0 17  0 23  4 20]",[29 15 13 20 28 27 31 33]
491,"[11 19 10  2 29 33 11 19 10  2 31 11 19 26  3 22 27 11 19 13 26  3 22 11
 19 13 26 29 33 11 19 10]",[19 10  2 29 33 11 19 10]
492,"[28  1 20 15 29 15 13 20 28 27 31 33 22  0 27 22 29  3  6 15 29  0 15 25
 16 25  8  8 17  0 17  0]",[ 1 20 15 29 15 13 20 28]
493,"[ 6  6 15  6  3  9 33  9  9  9 33  9  9  9 23 33 12 33 33 33 33 33 12 33
 12 12 12 33 12 12 33 23]",[ 6 15  6  3  9 33  9  9]
494,"[29  8 17  3 11 12 20 20  9  6  1  9 23 12  6 15  9 28 15  3 29  5 11 13
 24 30 26 24 13 24 26 24]",[ 8 17  3 11 12 20 20  9]
495,"[13 26 29 11 19 24  2 29 11 19 24  2 16 16 16 16 16 16 29 33 27 11 19  6
  2 29 33 11 19  6  2 31]",[26 29 11 19 24  2 29 11]
496,"[10 15 13  6 10 29  2  1  7 28 29 20  1 33  6 10  5 28  1 20 29 33  6 10
  5 28  1 20 29 33  6 10]",[15 13  6 10 29  2  1  7]
497,"[23 23 23 23 23 30 23 25 23 12  9  6  3  9 12  1  5 23 12  9  3 21 18  2
 27 18  2 27 18  2 27 18]",[23 23 23 23 30 23 25 23]
498,"[16 16 16 16 16 29 33 27 11 19  6  2 29 33 11 19  6  2 31 11 19  3  3 22
 27 11 19 15 26  3 22 11]",[16 16 16 16 29 33 27 11]
499,"[14 14 25  8  4 17 17 23 12 12  8 27 31 33 22 19  7 17 17 17 17 17 17 17
 17 17 17 14 14 14 14 14]",[14 25  8  4 17 17 23 12]
500,"[ 0  0  0  0  0  0 16 16 16 16 29 33 27 11 19  6  2 29 33 11 19  6  2 31
 11 19  3  3 22 27 11 19]",[ 0  0  0  0  0 16 16 16]
501,"[17 17 14 14 14 14 14 14  4  4  4 14  9  9  9  8  8 28  8  8  8  8  8  9
 17 17 17  9  9  4 25 17]",[17 14 14 14 14 14 14  4]
502,"[12 21 12 12 31 33 22 19 12  7 12 30 26 12 24 11  1  8 24 11  1 31 24 11
  1 24 11  1  8 21  8 27]",[21 12 12 31 33 22 19 12]
503,"[ 3 26 29  2  1  7 13 22 29  2 20  1 20  1 15 13 29  1 13  2 13  1 29 27
 31 33 22  0 27 22 27 31]",[26 29  2  1  7 13 22 29]
504,"[21 11 29 21 11 27  2 21 10 18  1  6 31  1 10 18  1  6 31  1 10 18  1  6
 31  1 26 18  1  3 31  1]",[11 29 21 11 27  2 21 10]
505,"[27 18  2 27 18  2 27 18 13 27 18 13 27 18 13 27 18 13 27 14 18  1 27 14
 18  1 27 14 18  1 27 14]",[18  2 27 18  2 27 18 13]
506,"[21 11 29 21 11 27  2 21 11 29 21 11 27  2 21 11 29 21 11 27  2 21 10 18
  1  6 31  1 10 18  1  6]",[11 29 21 11 27  2 21 11]
507,"[ 4 12  4  3 24 15  2 24  5 24  2 24 24 15  2 24  5 24  2 24  3 24 15  2
 24  5 24  2 24 24 15  2]",[12  4  3 24 15  2 24  5]
508,"[20 29 28  1 20 29 28  1 20 29  2 29 26  2  7 29 22  2 29  1  1 29 29 13
 29 29  3 29  1 13 29 20]",[29 28  1 20 29 28  1 20]
509,"[ 2  0  0 14 20 20 15  3 15  3  1  1  7  7 33  7 15  7  6  7  2 13 29  6
 20 15  6  3  6  6 10 15]",[ 0  0 14 20 20 15  3 15]
510,"[21 18 16 16 18 21 18 32 21 32  0 21 18 16 16 18 21 18 21 19 21 19 19 19
 19 19 19 19 19 19 19 19]",[18 16 16 18 21 18 32 21]
511,"[26  3 22 11 19 13 26 29 33 11 19 10  2 29 33 11 19 10  2 16 16  0  0  0
  0  0  0 16 16 16 16 29]",[ 3 22 11 19 13 26 29 33]
512,"[29  1 13  2 13  1 29 27 31 33 22  0 27 22 27 31 33 22  0 27 22 16 19 16
 19  2  2  0  0 14 20 20]",[ 1 13  2 13  1 29 27 31]
513,"[20 20  9  6  1  9 23 12  6 15  9 28 15  3 29  5 11 13 24 30 26 24 13 24
 26 24 13 24 26 13 24 26]",[20  9  6  1  9 23 12  6]
514,"[27 27 27  3 27 27 27 29 27  3  3 29 29  2  3 26 29  2  1  7 13 22 29  2
 20  1 20  1 15 13 29  1]",[27 27  3 27 27 27 29 27]
515,"[15 14 14 13  1 29 15 20 28 21 19 30 25 14  4  0  8 11 29  6 28 21 19 30
 25 14  4  0  8 29  6 28]",[14 14 13  1 29 15 20 28]
516,"[ 4 12  8  7 23  8 10 33 24 10 13 10 26 12 23 27  4 12  8 23  8 23 23 23
 23 23 23 30 23 25 23 12]",[12  8  7 23  8 10 33 24]
517,"[18  1  6 31  1 10 18  1  6 31  1 10 18  1  6 31  1 26 18  1  3 31  1 10
 21 11 27  3 33 11 27 10]",[ 1  6 31  1 10 18  1  6]
518,"[ 5 28  5 11  5 29  5 30  5 13  5  4  5 13  5 22 13  2 13  8  1 13  2 13
  4 13 30 13  9 13 30 13]",[28  5 11  5 29  5 30  5]
519,"[32 21 16 32 31 32 32 21 31 21 32 21 32 21 31 21 32 21 32 21 18 16 16 18
 21 18 32 21 32 21 18 16]",[21 16 32 31 32 32 21 31]
520,"[30 24 24 17  5 24 24  9 30 30 30 30 30  4 30  5 30 30 30 30 24 24 16 16
 16 16 16 16  5 13 13 24]",[24 24 17  5 24 24  9 30]
521,"[ 1 22 11 31 13 21 11 31 22 11 31 23 27  6  6  6  6 15  6  3  9 33  9  9
  9 33  9  9  9 23 33 12]",[22 11 31 13 21 11 31 22]
522,"[ 7 28 29 20  1  6 10 15 13  6 10 29  2  1  7 28 29 20  1 33  6 10  5 28
  1 20 29 33  6 10  5 28]",[28 29 20  1  6 10 15 13]
523,"[26  2  7 29 22  2 29  1  1 29 29 13 29 29  3 29  1 13 29 20 20  2 26  2
  7 22 15  2  1 28  1 20]",[ 2  7 29 22  2 29  1  1]
524,"[22 11 19 13 26 29 33 11 19 10  2 29 33 11 19 10  2 16 16  0  0  0  0  0
  0 16 16 16 16 29 33 27]",[11 19 13 26 29 33 11 19]
525,"[29 33 11 19  6  2 11  0  8  0  0  0  0 27  2 27  0  2 27  2 27  2 27 27
  2 27  2 27  2  0  0 27]",[33 11 19  6  2 11  0  8]
526,"[10 33 28  1 20 29 28  1 20 29 28  1 20 29 28  1 20 29 28  1 20 29 28  1
 20 29  2 29 26  2  7 29]",[33 28  1 20 29 28  1 20]
527,"[ 3  6  6 10 15 13  6 10 29  2  1  7 28 29 20  1  6 10 15 13  6 10 29  2
  1  7 28 29 20  1 33  6]",[ 6  6 10 15 13  6 10 29]
528,"[11 24 30 24 24 25 30 24  4 11 24 30 24 24  8 30 24 17 11 24 30 24 24 25
 30 24  4 11 24 30 24 24]",[24 30 24 24 25 30 24  4]
529,"[26 25 33 26 22 26  7 26 25 19 26  4 26  4  7 13 26 13 23  7 11 30 11  9
 13 26 13 12 13 26 13 12]",[25 33 26 22 26  7 26 25]
530,"[28  1 20 29 33  6 10 33 28  1 20 29 28  1 20 29 28  1 20 29 28  1 20 29
 28  1 20 29 28  1 20 29]",[ 1 20 29 33  6 10 33 28]
531,"[24 28 17 29  8 17  3 11 12 20 20  9  6  1  9 23 12  6 15  9 28 15  3 29
  5 11 13 24 30 26 24 13]",[28 17 29  8 17  3 11 12]
532,"[15  3 15  3  1  1  7  7 33  7 15  7  6  7  2 13 29  6 20 15  6  3  6  6
 10 15 13  6 10 29  2  1]",[ 3 15  3  1  1  7  7 33]
533,"[ 1  7 13 22 29  2 20  1 20  1 15 13 29  1 13  2 13  1 29 27 31 33 22  0
 27 22 27 31 33 22  0 27]",[ 7 13 22 29  2 20  1 20]
534,"[25  3  3  4  5  1 26 20 25  1 24 28 17 29  8 17  3 11 12 20 20  9  6  1
  9 23 12  6 15  9 28 15]",[ 3  3  4  5  1 26 20 25]
535,"[20 29 28  1 20 29  2 29 26  2  7 29 22  2 29  1  1 29 29 13 29 29  3 29
  1 13 29 20 20  2 26  2]",[29 28  1 20 29  2 29 26]
536,"[16 16 16 16 25 16 25 27 31 27 31 33 22 33 22 19 19  2  2 14  9  9 27 27
 22 19 22 19  8  8 27 27]",[16 16 16 25 16 25 27 31]
537,"[10  8 22  2 17  2 13  2  2  2  2  2  8  2 22  4 30 22  4 24 22  9 30 22
  8  9 24 30  5 13  5  5]",[ 8 22  2 17  2 13  2  2]
538,"[29 28  1 20 29 28  1 20 29 28  1 20 29  2 29 26  2  7 29 22  2 29  1  1
 29 29 13 29 29  3 29  1]",[28  1 20 29 28  1 20 29]
539,"[29  2 20  1 20  1 15 13 29  1 13  2 13  1 29 27 31 33 22  0 27 22 27 31
 33 22  0 27 22 16 19 16]",[ 2 20  1 20  1 15 13 29]
540,"[13 26 29 11 19 24  2 29 11 19 24  2 16 16 16 16 16 16 29 33 27 11 19  6
  2 29 33 11 19  6  2 31]",[26 29 11 19 24  2 29 11]
541,"[ 1 20  1 15 13 29  1 13  2 13  1 29 27 31 33 22  0 27 22 27 31 33 22  0
 27 22 16 19 16 19  2  2]",[20  1 15 13 29  1 13  2]
542,"[ 7  6  7  2 13 29  6 20 15  6  3  6  6 10 15 13  6 10 29  2  1  7 28 29
 20  1  6 10 15 13  6 10]",[ 6  7  2 13 29  6 20 15]
543,"[ 0  0  0 21 31 21 32 21 32 16 16 21 31 21 32 21 32 21 31 21 32 32 31 32
 32 31 32 32 31 32 21 32]",[ 0  0 21 31 21 32 21 32]
544,"[10  9  9  9  7 10  9  9  9 23 10 12 10 10 24 10 10 10 10 12 10 12 12 12
 10 12 12  2  4 10 23 10]",[ 9  9  9  7 10  9  9  9]
545,"[32 32 31 32 32 31 32 32 31 32 21 32 21 31 21 32 21 32 21 31 21 32 21 16
 32 31 32 32 21 31 21 32]",[32 31 32 32 31 32 32 31]
546,"[31 23 27  6  6  6  6 15  6  3  9 33  9  9  9 33  9  9  9 23 33 12 33 33
 33 33 33 12 33 12 12 12]",[23 27  6  6  6  6 15  6]
547,"[30  5 15 13  5 29  5  5 30  5 13  5  5 13  5 30  5 15 13  5 29  5  5  3
  5 15  5 29  5  5  5  5]",[ 5 15 13  5 29  5  5 30]
548,"[ 0 27 22 16 19 16 19  2  2  0  0 14 29  2  3 26 29  2  1  7 13 22 29  2
 20  1 20  1 15 13 29  1]",[27 22 16 19 16 19  2  2]
549,"[19 13 26  3 22 11 19 13 26 29 33 11 19 10  2 29 33 11 19 10  2 16 16  0
  0  0  0  0  0 16 16 16]",[13 26  3 22 11 19 13 26]
550,"[ 1  4 11 23  1 11  1 11  1 11 23 23 23 23 20 23 15 23  6  3 23  5  1 25
 26  3  4  5  1 26  3  5]",[ 4 11 23  1 11  1 11  1]
551,"[13 29  6 20 15  6  3  6  6 10 15 13  6 10 29  2  1  7 28 29 20  1  6 10
 15 13  6 10 29  2  1  7]",[29  6 20 15  6  3  6  6]
552,"[ 2  2  2  2  2  8  2 22  4 30 22  4 24 22  9 30 22  8  9 24 30  5 13  5
  5 13  5 30  5 15 13  5]",[ 2  2  2  2  8  2 22  4]
553,"[14 12 26 13  3 15 14 14 13  1 29 15 20 28 21 19 30 25 14  4  0  8 11 29
  6 28 21 19 30 25 14  4]",[12 26 13  3 15 14 14 13]
554,"[ 5 22 13  2 13  8  1 13  2 13  4 13 30 13  9 13 30 13 30 30 13 30  4 30
  9 30 30 17 30 30 24 24]",[22 13  2 13  8  1 13  2]
555,"[24 30  5 13  5  5 13  5 30  5 15 13  5 29  5  5 30  5 13  5  5 13  5 30
  5 15 13  5 29  5  5  3]",[30  5 13  5  5 13  5 30]
556,"[ 3 12 22 26 23 19 26  4 31 26 25 33 26 22 26  7 26 25 19 26  4 26  4  7
 13 26 13 23  7 11 30 11]",[12 22 26 23 19 26  4 31]
557,"[23 23 23 23 20 23 15 23  6  3 23  5  1 25 26  3  4  5  1 26  3  5  1 26
  3  5  1 26  1 24 25  1]",[23 23 23 20 23 15 23  6]
558,"[11  3 31 10 11  3 10 11  3 25 26 13 23  3  4 26 13  3 12 22 26 23 19 26
  4 31 26 25 33 26 22 26]",[ 3 31 10 11  3 10 11  3]
559,"[27 27 27  0  0 27 27 27 27 27  3 27 27 27 29 27  3  3 29 29  2  3 26 29
  2  1  7 13 22 29  2 20]",[27 27  0  0 27 27 27 27]
560,"[19  6  2 31 11 19  3  3 22 27 11 19 15 26  3 22 11 19 15 26 29 33 11 19
  6  2 11  0  8  0  0  0]",[ 6  2 31 11 19  3  3 22]
561,"[17  2 13  2  2  2  2  2  8  2 22  4 30 22  4 24 22  9 30 22  8  9 24 30
  5 13  5  5 13  5 30  5]",[ 2 13  2  2  2  2  2  8]
562,"[31 13 21 11 31 22 11 31 13 21 11 31  1 22 11 31 13 21 11 31 22 11 31 23
 27  6  6  6  6 15  6  3]",[13 21 11 31 22 11 31 13]
563,"[11 24 30 24 24  9  2 24  8  5 24  2 24 27 10 17  2 10 25 10 23  2 10  8
 22  2 17  2 13  2  2  2]",[24 30 24 24  9  2 24  8]
